{"level":"debug","message":"Marketplace service started","module":"marketplace","timestamp":"2025-12-09T02:13:00.072Z"}
{"level":"debug","message":"Call service started","module":"calls","timestamp":"2025-12-09T02:13:00.073Z"}
{"level":"debug","message":"Player Service started","module":"player","timestamp":"2025-12-09T02:13:00.073Z"}
{"level":"info","message":"Loading QBX bridge....","timestamp":"2025-12-09T02:13:00.073Z"}
{"level":"info","message":"QBX bridge initialized","timestamp":"2025-12-09T02:13:00.073Z"}
{"level":"debug","message":"Boot service started","module":"boot","timestamp":"2025-12-09T02:13:00.073Z"}
{"level":"debug","message":"Messages service started","module":"messages","timestamp":"2025-12-09T02:13:00.073Z"}
{"level":"debug","message":"Notes service started","module":"notes","timestamp":"2025-12-09T02:13:00.073Z"}
{"level":"debug","message":"Contacts service started","module":"contact","timestamp":"2025-12-09T02:13:00.074Z"}
{"level":"debug","message":"Photo service started","module":"photo","timestamp":"2025-12-09T02:13:00.085Z"}
{"level":"debug","message":"Twitter service started","module":"twitter","timestamp":"2025-12-09T02:13:00.085Z"}
{"level":"debug","message":"Match service started","module":"match","timestamp":"2025-12-09T02:13:00.085Z"}
{"level":"debug","message":"Beginning database schema validation","module":"boot","timestamp":"2025-12-09T02:13:06.100Z"}
{"level":"info","message":"Successfully started","timestamp":"2025-12-09T02:13:06.109Z"}
{"level":"error","message":"Error executing (SELECT COUNT(*) as count\n                       FROM information_schema.tables\n                       WHERE table_schema = ?\n                         AND table_name = ? [\"Qbox_27ADFF\",\"players\"]) with error message Unknown database 'qbox_27adff'","module":"DBInterface","timestamp":"2025-12-09T02:13:06.456Z"}
{"level":"debug","message":"Marketplace service started","module":"marketplace","timestamp":"2025-12-09T02:14:01.111Z"}
{"level":"debug","message":"Call service started","module":"calls","timestamp":"2025-12-09T02:14:01.111Z"}
{"level":"debug","message":"Player Service started","module":"player","timestamp":"2025-12-09T02:14:01.111Z"}
{"level":"info","message":"Loading QBX bridge....","timestamp":"2025-12-09T02:14:01.112Z"}
{"level":"info","message":"QBX bridge initialized","timestamp":"2025-12-09T02:14:01.112Z"}
{"level":"debug","message":"Boot service started","module":"boot","timestamp":"2025-12-09T02:14:01.112Z"}
{"level":"debug","message":"Messages service started","module":"messages","timestamp":"2025-12-09T02:14:01.112Z"}
{"level":"debug","message":"Notes service started","module":"notes","timestamp":"2025-12-09T02:14:01.112Z"}
{"level":"debug","message":"Contacts service started","module":"contact","timestamp":"2025-12-09T02:14:01.112Z"}
{"level":"debug","message":"Photo service started","module":"photo","timestamp":"2025-12-09T02:14:01.122Z"}
{"level":"debug","message":"Twitter service started","module":"twitter","timestamp":"2025-12-09T02:14:01.122Z"}
{"level":"debug","message":"Match service started","module":"match","timestamp":"2025-12-09T02:14:01.122Z"}
{"level":"debug","message":"Beginning database schema validation","module":"boot","timestamp":"2025-12-09T02:14:01.710Z"}
{"level":"info","message":"Successfully started","timestamp":"2025-12-09T02:14:01.720Z"}
{"level":"info","message":"Executed query (SELECT COUNT(*) as count\n                       FROM information_schema.tables\n                       WHERE table_schema = ?\n                         AND table_name = ? [\"qbox_231074\",\"players\"]) in 316.7204ms'","module":"DBInterface","timestamp":"2025-12-09T02:14:02.027Z"}
{"level":"info","message":"Executed query (SHOW COLUMNS IN players []) in 10.2046ms'","module":"DBInterface","timestamp":"2025-12-09T02:14:02.038Z"}
{"level":"debug","message":"Database schema successfully validated","module":"boot","timestamp":"2025-12-09T02:14:02.038Z"}
{"level":"info","message":"New NPWD Player added through event (1) (U4N41JY0)","module":"player","timestamp":"2025-12-09T02:20:07.525Z"}
{"level":"debug","message":{"_firstname":"Mr","_identifier":"U4N41JY0","_lastname":"Dx","_phoneNumber":"4085010062","source":1,"username":"DEV Dx"},"module":"player","timestamp":"2025-12-09T02:20:07.525Z"}
{"level":"info","message":"New NPWD Player added through event (1) (U4N41JY0)","module":"player","timestamp":"2025-12-09T02:20:07.529Z"}
{"level":"debug","message":{"_firstname":"Mr","_identifier":"U4N41JY0","_lastname":"Dx","_phoneNumber":"4085010062","source":1,"username":"DEV Dx"},"module":"player","timestamp":"2025-12-09T02:20:07.529Z"}
{"level":"silly","message":"netPromise > npwd:fetchTweets > RequestObj","module":"events","timestamp":"2025-12-09T02:20:07.624Z"}
{"level":"silly","message":{"data":{"pageId":0},"source":1},"module":"events","timestamp":"2025-12-09T02:20:07.624Z"}
{"level":"info","message":"Executed query (\n        SELECT *\n        FROM npwd_twitter_profiles\n        WHERE identifier = ?\n        LIMIT 1\n\t\t [\"U4N41JY0\"]) in 2.3931ms'","module":"DBInterface","timestamp":"2025-12-09T02:20:07.626Z"}
{"level":"warn","message":"Aborted fetching tweets for user U4N41JY0 because they do not have a profile.","module":"twitter","timestamp":"2025-12-09T02:20:07.626Z"}
{"level":"silly","message":"Response Promise Event npwd:fetchTweets:cfde5656-6226-46f2-8a56-80bc9d14fd06 (2.9445ms), Data >>","module":"events","timestamp":"2025-12-09T02:20:07.626Z"}
{"level":"silly","message":{"data":[],"status":"ok"},"module":"events","timestamp":"2025-12-09T02:20:07.626Z"}
{"level":"silly","message":"netPromise > npwd:getOrCreateTwitterProfile > RequestObj","module":"events","timestamp":"2025-12-09T02:20:07.725Z"}
{"level":"silly","message":{"data":null,"source":1},"module":"events","timestamp":"2025-12-09T02:20:07.726Z"}
{"level":"silly","message":"netPromise > phone:getMyProfile > RequestObj","module":"events","timestamp":"2025-12-09T02:20:07.726Z"}
{"level":"silly","message":{"data":null,"source":1},"module":"events","timestamp":"2025-12-09T02:20:07.726Z"}
{"level":"silly","message":"netPromise > npwd:fetchMessageGroups > RequestObj","module":"events","timestamp":"2025-12-09T02:20:07.727Z"}
{"level":"silly","message":{"data":null,"source":1},"module":"events","timestamp":"2025-12-09T02:20:07.727Z"}
{"level":"silly","message":"netPromise > npwd-contact-getAll > RequestObj","module":"events","timestamp":"2025-12-09T02:20:07.727Z"}
{"level":"silly","message":{"data":null,"source":1},"module":"events","timestamp":"2025-12-09T02:20:07.727Z"}
{"level":"info","message":"Executed query (\n        SELECT *\n        FROM npwd_twitter_profiles\n        WHERE identifier = ?\n        LIMIT 1\n\t\t [\"U4N41JY0\"]) in 3.4264ms'","module":"DBInterface","timestamp":"2025-12-09T02:20:07.729Z"}
{"level":"info","message":"Creating default Twitter profile Mr_Dx for U4N41JY0","module":"twitter","timestamp":"2025-12-09T02:20:07.730Z"}
{"level":"info","message":"Executed query (SELECT npwd_messages_conversations.id,\n                          npwd_messages_conversations.conversation_list         as conversationList,\n                          npwd_messages_participants.unread_count               as unreadCount,\n                          npwd_messages_conversations.is_group_chat             as isGroupChat,\n                          npwd_messages_conversations.label,\n                          UNIX_TIMESTAMP(npwd_messages_conversations.updatedAt) as updatedAt,\n                          npwd_messages_participants.participant\n                   FROM npwd_messages_conversations\n                            INNER JOIN npwd_messages_participants\n                                       on npwd_messages_conversations.id = npwd_messages_participants.conversation_id\n                   WHERE npwd_messages_participants.participant = ? [\"4085010062\"]) in 4.6686ms'","module":"DBInterface","timestamp":"2025-12-09T02:20:07.732Z"}
{"level":"silly","message":"Response Promise Event npwd:fetchMessageGroups:a2abf479-3f55-4e88-a954-c4d9fbff33a6 (5.0028ms), Data >>","module":"events","timestamp":"2025-12-09T02:20:07.732Z"}
{"level":"info","message":"Executed query (\n        SELECT *,\n               UNIX_TIMESTAMP(updatedAt) AS lastActive\n        FROM npwd_match_profiles\n        WHERE identifier = ?\n        LIMIT 1\n\t\t [\"U4N41JY0\"]) in 5.991ms'","module":"DBInterface","timestamp":"2025-12-09T02:20:07.732Z"}
{"level":"info","message":"Executed query (SELECT * FROM npwd_phone_contacts WHERE identifier = ? ORDER BY display ASC [\"U4N41JY0\"]) in 5.2676ms'","module":"DBInterface","timestamp":"2025-12-09T02:20:07.733Z"}
{"level":"silly","message":{"data":[],"status":"ok"},"module":"events","timestamp":"2025-12-09T02:20:07.732Z"}
{"level":"info","message":"Creating default match profile Mr Dx for U4N41JY0","module":"match","timestamp":"2025-12-09T02:20:07.732Z"}
{"level":"silly","message":"Response Promise Event npwd-contact-getAll:5be03ddf-7ffe-4d84-896a-67df6753dde4 (5.4891ms), Data >>","module":"events","timestamp":"2025-12-09T02:20:07.733Z"}
{"level":"silly","message":{"data":[],"status":"ok"},"module":"events","timestamp":"2025-12-09T02:20:07.733Z"}
{"level":"silly","message":"Response Promise Event npwd:getOrCreateTwitterProfile:0554e63f-4f49-45de-96e2-04c99b911535 (8.0533ms), Data >>","module":"events","timestamp":"2025-12-09T02:20:07.733Z"}
{"level":"silly","message":{"errorMsg":"Duplicate entry 'Mr_Dx' for key 'profile_name_UNIQUE'","status":"error"},"module":"events","timestamp":"2025-12-09T02:20:07.734Z"}
{"level":"error","message":"Failed to get or create profile, Duplicate entry 'Mr_Dx' for key 'profile_name_UNIQUE'","module":"twitter","source":1,"timestamp":"2025-12-09T02:20:07.734Z"}
{"level":"info","message":"Executed query (\n        SELECT *,\n               UNIX_TIMESTAMP(updatedAt) AS lastActive\n        FROM npwd_match_profiles\n        WHERE identifier = ?\n        LIMIT 1\n\t\t [\"U4N41JY0\"]) in 0.5695ms'","module":"DBInterface","timestamp":"2025-12-09T02:20:07.736Z"}
{"level":"silly","message":"Response Promise Event phone:getMyProfile:178736f6-0e47-477e-9340-11951045d952 (10.1695ms), Data >>","module":"events","timestamp":"2025-12-09T02:20:07.736Z"}
{"level":"silly","message":{"data":{"bio":"","createdAt":"2025-12-09T02:20:07.000Z","id":2,"identifier":"U4N41JY0","image":"https://upload.wikimedia.org/wikipedia/commons/a/ac/No_image_available.svg","job":"","lastActive":1765246807,"lastActiveFormatted":"Tue, 09 Dec 2025 02:20:07 GMT","location":"","name":"Mr Dx","tagList":[],"tags":"","updatedAt":"2025-12-09T02:20:07.000Z","viewed":false,"voiceMessage":null},"status":"ok"},"module":"events","timestamp":"2025-12-09T02:20:07.736Z"}
{"level":"info","message":"Executed query (SELECT id FROM npwd_marketplace_listings WHERE identifier = ? [\"U4N41JY0\"]) in 2.3624ms'","module":"DBInterface","timestamp":"2025-12-09T02:36:52.556Z"}
{"level":"info","message":"Executed query (DELETE FROM npwd_marketplace_listings WHERE identifier = ? AND reported = 0 [\"U4N41JY0\"]) in 0.4762ms'","module":"DBInterface","timestamp":"2025-12-09T02:36:52.557Z"}
{"level":"info","message":"Unloaded NPWD Player, source: (1)","module":"player","timestamp":"2025-12-09T02:36:52.557Z"}
{"level":"debug","message":"Marketplace service started","module":"marketplace","timestamp":"2025-12-09T02:37:02.938Z"}
{"level":"debug","message":"Call service started","module":"calls","timestamp":"2025-12-09T02:37:02.938Z"}
{"level":"debug","message":"Player Service started","module":"player","timestamp":"2025-12-09T02:37:02.939Z"}
{"level":"info","message":"Loading QBX bridge....","timestamp":"2025-12-09T02:37:02.939Z"}
{"level":"info","message":"QBX bridge initialized","timestamp":"2025-12-09T02:37:02.939Z"}
{"level":"debug","message":"Boot service started","module":"boot","timestamp":"2025-12-09T02:37:02.939Z"}
{"level":"debug","message":"Messages service started","module":"messages","timestamp":"2025-12-09T02:37:02.939Z"}
{"level":"debug","message":"Notes service started","module":"notes","timestamp":"2025-12-09T02:37:02.939Z"}
{"level":"debug","message":"Contacts service started","module":"contact","timestamp":"2025-12-09T02:37:02.939Z"}
{"level":"debug","message":"Photo service started","module":"photo","timestamp":"2025-12-09T02:37:02.950Z"}
{"level":"debug","message":"Twitter service started","module":"twitter","timestamp":"2025-12-09T02:37:02.950Z"}
{"level":"debug","message":"Match service started","module":"match","timestamp":"2025-12-09T02:37:02.951Z"}
{"level":"debug","message":"Beginning database schema validation","module":"boot","timestamp":"2025-12-09T02:37:03.664Z"}
{"level":"info","message":"Successfully started","timestamp":"2025-12-09T02:37:03.673Z"}
{"level":"info","message":"Executed query (SELECT COUNT(*) as count\n                       FROM information_schema.tables\n                       WHERE table_schema = ?\n                         AND table_name = ? [\"qbox_231074\",\"players\"]) in 359.6821ms'","module":"DBInterface","timestamp":"2025-12-09T02:37:04.024Z"}
{"level":"info","message":"Executed query (SHOW COLUMNS IN players []) in 11.5121ms'","module":"DBInterface","timestamp":"2025-12-09T02:37:04.036Z"}
{"level":"debug","message":"Database schema successfully validated","module":"boot","timestamp":"2025-12-09T02:37:04.036Z"}
{"level":"debug","message":"Marketplace service started","module":"marketplace","timestamp":"2025-12-09T02:43:37.857Z"}
{"level":"debug","message":"Call service started","module":"calls","timestamp":"2025-12-09T02:43:37.858Z"}
{"level":"debug","message":"Player Service started","module":"player","timestamp":"2025-12-09T02:43:37.858Z"}
{"level":"info","message":"Loading QBX bridge....","timestamp":"2025-12-09T02:43:37.858Z"}
{"level":"info","message":"QBX bridge initialized","timestamp":"2025-12-09T02:43:37.858Z"}
{"level":"debug","message":"Boot service started","module":"boot","timestamp":"2025-12-09T02:43:37.858Z"}
{"level":"debug","message":"Messages service started","module":"messages","timestamp":"2025-12-09T02:43:37.858Z"}
{"level":"debug","message":"Notes service started","module":"notes","timestamp":"2025-12-09T02:43:37.858Z"}
{"level":"debug","message":"Contacts service started","module":"contact","timestamp":"2025-12-09T02:43:37.858Z"}
{"level":"debug","message":"Photo service started","module":"photo","timestamp":"2025-12-09T02:43:37.864Z"}
{"level":"debug","message":"Twitter service started","module":"twitter","timestamp":"2025-12-09T02:43:37.864Z"}
{"level":"debug","message":"Match service started","module":"match","timestamp":"2025-12-09T02:43:37.864Z"}
{"level":"debug","message":"Beginning database schema validation","module":"boot","timestamp":"2025-12-09T02:43:39.576Z"}
{"level":"info","message":"Successfully started","timestamp":"2025-12-09T02:43:39.586Z"}
{"level":"info","message":"Executed query (SELECT COUNT(*) as count\n                       FROM information_schema.tables\n                       WHERE table_schema = ?\n                         AND table_name = ? [\"qbox_231074\",\"players\"]) in 333.8859ms'","module":"DBInterface","timestamp":"2025-12-09T02:43:39.911Z"}
{"level":"info","message":"Executed query (SHOW COLUMNS IN players []) in 10.2857ms'","module":"DBInterface","timestamp":"2025-12-09T02:43:39.921Z"}
{"level":"debug","message":"Database schema successfully validated","module":"boot","timestamp":"2025-12-09T02:43:39.921Z"}
{"level":"debug","message":"Marketplace service started","module":"marketplace","timestamp":"2025-12-09T02:46:25.504Z"}
{"level":"debug","message":"Call service started","module":"calls","timestamp":"2025-12-09T02:46:25.504Z"}
{"level":"debug","message":"Player Service started","module":"player","timestamp":"2025-12-09T02:46:25.505Z"}
{"level":"info","message":"Loading QBX bridge....","timestamp":"2025-12-09T02:46:25.505Z"}
{"level":"info","message":"QBX bridge initialized","timestamp":"2025-12-09T02:46:25.505Z"}
{"level":"debug","message":"Boot service started","module":"boot","timestamp":"2025-12-09T02:46:25.505Z"}
{"level":"debug","message":"Messages service started","module":"messages","timestamp":"2025-12-09T02:46:25.505Z"}
{"level":"debug","message":"Notes service started","module":"notes","timestamp":"2025-12-09T02:46:25.505Z"}
{"level":"debug","message":"Contacts service started","module":"contact","timestamp":"2025-12-09T02:46:25.505Z"}
{"level":"debug","message":"Photo service started","module":"photo","timestamp":"2025-12-09T02:46:25.511Z"}
{"level":"debug","message":"Twitter service started","module":"twitter","timestamp":"2025-12-09T02:46:25.511Z"}
{"level":"debug","message":"Match service started","module":"match","timestamp":"2025-12-09T02:46:25.511Z"}
{"level":"debug","message":"Beginning database schema validation","module":"boot","timestamp":"2025-12-09T02:46:33.955Z"}
{"level":"info","message":"Successfully started","timestamp":"2025-12-09T02:46:33.964Z"}
{"level":"info","message":"Executed query (SELECT COUNT(*) as count\n                       FROM information_schema.tables\n                       WHERE table_schema = ?\n                         AND table_name = ? [\"qbox_231074\",\"players\"]) in 363.2814ms'","module":"DBInterface","timestamp":"2025-12-09T02:46:34.319Z"}
{"level":"info","message":"Executed query (SHOW COLUMNS IN players []) in 10.4593ms'","module":"DBInterface","timestamp":"2025-12-09T02:46:34.329Z"}
{"level":"debug","message":"Database schema successfully validated","module":"boot","timestamp":"2025-12-09T02:46:34.329Z"}
{"level":"info","message":"New NPWD Player added through event (1) (U4N41JY0)","module":"player","timestamp":"2025-12-09T02:47:40.287Z"}
{"level":"debug","message":{"_firstname":"Mr","_identifier":"U4N41JY0","_lastname":"Dx","_phoneNumber":"4085010062","source":1,"username":"DEV Dx"},"module":"player","timestamp":"2025-12-09T02:47:40.287Z"}
{"level":"info","message":"New NPWD Player added through event (1) (U4N41JY0)","module":"player","timestamp":"2025-12-09T02:47:40.291Z"}
{"level":"debug","message":{"_firstname":"Mr","_identifier":"U4N41JY0","_lastname":"Dx","_phoneNumber":"4085010062","source":1,"username":"DEV Dx"},"module":"player","timestamp":"2025-12-09T02:47:40.291Z"}
{"level":"silly","message":"netPromise > npwd:fetchTweets > RequestObj","module":"events","timestamp":"2025-12-09T02:47:40.337Z"}
{"level":"silly","message":{"data":{"pageId":0},"source":1},"module":"events","timestamp":"2025-12-09T02:47:40.337Z"}
{"level":"info","message":"Executed query (\n        SELECT *\n        FROM npwd_twitter_profiles\n        WHERE identifier = ?\n        LIMIT 1\n\t\t [\"U4N41JY0\"]) in 2.218ms'","module":"DBInterface","timestamp":"2025-12-09T02:47:40.339Z"}
{"level":"warn","message":"Aborted fetching tweets for user U4N41JY0 because they do not have a profile.","module":"twitter","timestamp":"2025-12-09T02:47:40.339Z"}
{"level":"silly","message":"Response Promise Event npwd:fetchTweets:163e2f24-ddeb-4cd2-8bfa-ed8f2e2a17d7 (2.8113ms), Data >>","module":"events","timestamp":"2025-12-09T02:47:40.339Z"}
{"level":"silly","message":{"data":[],"status":"ok"},"module":"events","timestamp":"2025-12-09T02:47:40.339Z"}
{"level":"silly","message":"netPromise > npwd:getOrCreateTwitterProfile > RequestObj","module":"events","timestamp":"2025-12-09T02:47:40.438Z"}
{"level":"silly","message":{"data":null,"source":1},"module":"events","timestamp":"2025-12-09T02:47:40.438Z"}
{"level":"silly","message":"netPromise > phone:getMyProfile > RequestObj","module":"events","timestamp":"2025-12-09T02:47:40.438Z"}
{"level":"silly","message":{"data":null,"source":1},"module":"events","timestamp":"2025-12-09T02:47:40.439Z"}
{"level":"silly","message":"netPromise > npwd:fetchMessageGroups > RequestObj","module":"events","timestamp":"2025-12-09T02:47:40.440Z"}
{"level":"silly","message":{"data":null,"source":1},"module":"events","timestamp":"2025-12-09T02:47:40.441Z"}
{"level":"silly","message":"netPromise > npwd-contact-getAll > RequestObj","module":"events","timestamp":"2025-12-09T02:47:40.441Z"}
{"level":"silly","message":{"data":null,"source":1},"module":"events","timestamp":"2025-12-09T02:47:40.441Z"}
{"level":"info","message":"Executed query (\n        SELECT *\n        FROM npwd_twitter_profiles\n        WHERE identifier = ?\n        LIMIT 1\n\t\t [\"U4N41JY0\"]) in 4.4284ms'","module":"DBInterface","timestamp":"2025-12-09T02:47:40.443Z"}
{"level":"info","message":"Creating default Twitter profile Mr_Dx for U4N41JY0","module":"twitter","timestamp":"2025-12-09T02:47:40.443Z"}
{"level":"silly","message":"Response Promise Event npwd:getOrCreateTwitterProfile:3ae834b9-d93b-41ed-9a7e-6ee875e70e26 (7.1008ms), Data >>","module":"events","timestamp":"2025-12-09T02:47:40.445Z"}
{"level":"info","message":"Executed query (\n        SELECT *,\n               UNIX_TIMESTAMP(updatedAt) AS lastActive\n        FROM npwd_match_profiles\n        WHERE identifier = ?\n        LIMIT 1\n\t\t [\"U4N41JY0\"]) in 7.8136ms'","module":"DBInterface","timestamp":"2025-12-09T02:47:40.447Z"}
{"level":"silly","message":{"errorMsg":"Duplicate entry 'Mr_Dx' for key 'profile_name_UNIQUE'","status":"error"},"module":"events","timestamp":"2025-12-09T02:47:40.445Z"}
{"level":"error","message":"Failed to get or create profile, Duplicate entry 'Mr_Dx' for key 'profile_name_UNIQUE'","module":"twitter","source":1,"timestamp":"2025-12-09T02:47:40.445Z"}
{"level":"silly","message":"Response Promise Event phone:getMyProfile:9c2c14e8-272e-40cf-8ed5-e5564e85edb5 (8.4769ms), Data >>","module":"events","timestamp":"2025-12-09T02:47:40.447Z"}
{"level":"silly","message":{"data":{"bio":"","createdAt":"2025-12-09T02:20:07.000Z","id":2,"identifier":"U4N41JY0","image":"https://upload.wikimedia.org/wikipedia/commons/a/ac/No_image_available.svg","job":"","lastActive":1765246807,"lastActiveFormatted":"Tue, 09 Dec 2025 02:20:07 GMT","location":"","name":"Mr Dx","tagList":[],"tags":"","updatedAt":"2025-12-09T02:20:07.000Z","viewed":false,"voiceMessage":null},"status":"ok"},"module":"events","timestamp":"2025-12-09T02:47:40.447Z"}
{"level":"info","message":"Executed query (SELECT npwd_messages_conversations.id,\n                          npwd_messages_conversations.conversation_list         as conversationList,\n                          npwd_messages_participants.unread_count               as unreadCount,\n                          npwd_messages_conversations.is_group_chat             as isGroupChat,\n                          npwd_messages_conversations.label,\n                          UNIX_TIMESTAMP(npwd_messages_conversations.updatedAt) as updatedAt,\n                          npwd_messages_participants.participant\n                   FROM npwd_messages_conversations\n                            INNER JOIN npwd_messages_participants\n                                       on npwd_messages_conversations.id = npwd_messages_participants.conversation_id\n                   WHERE npwd_messages_participants.participant = ? [\"4085010062\"]) in 6.8086ms'","module":"DBInterface","timestamp":"2025-12-09T02:47:40.447Z"}
{"level":"silly","message":"Response Promise Event npwd:fetchMessageGroups:db0c82b7-7e45-4775-8d12-d3264fac75cd (7.0586ms), Data >>","module":"events","timestamp":"2025-12-09T02:47:40.448Z"}
{"level":"info","message":"Executed query (SELECT * FROM npwd_phone_contacts WHERE identifier = ? ORDER BY display ASC [\"U4N41JY0\"]) in 6.812ms'","module":"DBInterface","timestamp":"2025-12-09T02:47:40.448Z"}
{"level":"silly","message":{"data":[],"status":"ok"},"module":"events","timestamp":"2025-12-09T02:47:40.448Z"}
{"level":"silly","message":"Response Promise Event npwd-contact-getAll:121ad909-0c88-4cb8-96b6-99282b9c4781 (7.0543ms), Data >>","module":"events","timestamp":"2025-12-09T02:47:40.448Z"}
{"level":"silly","message":{"data":[],"status":"ok"},"module":"events","timestamp":"2025-12-09T02:47:40.449Z"}
{"level":"info","message":"Executed query (SELECT id FROM npwd_marketplace_listings WHERE identifier = ? [\"U4N41JY0\"]) in 1.5482ms'","module":"DBInterface","timestamp":"2025-12-09T02:50:40.762Z"}
{"level":"info","message":"Executed query (DELETE FROM npwd_marketplace_listings WHERE identifier = ? AND reported = 0 [\"U4N41JY0\"]) in 0.535ms'","module":"DBInterface","timestamp":"2025-12-09T02:50:40.762Z"}
{"level":"info","message":"Unloaded NPWD Player, source: (1)","module":"player","timestamp":"2025-12-09T02:50:40.762Z"}
{"level":"debug","message":"Marketplace service started","module":"marketplace","timestamp":"2025-12-09T02:51:05.566Z"}
{"level":"debug","message":"Call service started","module":"calls","timestamp":"2025-12-09T02:51:05.567Z"}
{"level":"debug","message":"Player Service started","module":"player","timestamp":"2025-12-09T02:51:05.567Z"}
{"level":"info","message":"Loading QBX bridge....","timestamp":"2025-12-09T02:51:05.567Z"}
{"level":"info","message":"QBX bridge initialized","timestamp":"2025-12-09T02:51:05.567Z"}
{"level":"debug","message":"Boot service started","module":"boot","timestamp":"2025-12-09T02:51:05.567Z"}
{"level":"debug","message":"Messages service started","module":"messages","timestamp":"2025-12-09T02:51:05.567Z"}
{"level":"debug","message":"Notes service started","module":"notes","timestamp":"2025-12-09T02:51:05.567Z"}
{"level":"debug","message":"Contacts service started","module":"contact","timestamp":"2025-12-09T02:51:05.567Z"}
{"level":"debug","message":"Photo service started","module":"photo","timestamp":"2025-12-09T02:51:05.576Z"}
{"level":"debug","message":"Twitter service started","module":"twitter","timestamp":"2025-12-09T02:51:05.577Z"}
{"level":"debug","message":"Match service started","module":"match","timestamp":"2025-12-09T02:51:05.577Z"}
{"level":"debug","message":"Beginning database schema validation","module":"boot","timestamp":"2025-12-09T02:51:06.218Z"}
{"level":"info","message":"Successfully started","timestamp":"2025-12-09T02:51:06.226Z"}
{"level":"info","message":"Executed query (SELECT COUNT(*) as count\n                       FROM information_schema.tables\n                       WHERE table_schema = ?\n                         AND table_name = ? [\"qbox_231074\",\"players\"]) in 329.656ms'","module":"DBInterface","timestamp":"2025-12-09T02:51:06.548Z"}
{"level":"info","message":"Executed query (SHOW COLUMNS IN players []) in 17.5921ms'","module":"DBInterface","timestamp":"2025-12-09T02:51:06.565Z"}
{"level":"debug","message":"Database schema successfully validated","module":"boot","timestamp":"2025-12-09T02:51:06.566Z"}
{"level":"debug","message":"Marketplace service started","module":"marketplace","timestamp":"2025-12-09T02:52:33.427Z"}
{"level":"debug","message":"Call service started","module":"calls","timestamp":"2025-12-09T02:52:33.428Z"}
{"level":"debug","message":"Player Service started","module":"player","timestamp":"2025-12-09T02:52:33.428Z"}
{"level":"info","message":"Loading QBX bridge....","timestamp":"2025-12-09T02:52:33.428Z"}
{"level":"info","message":"QBX bridge initialized","timestamp":"2025-12-09T02:52:33.428Z"}
{"level":"debug","message":"Boot service started","module":"boot","timestamp":"2025-12-09T02:52:33.429Z"}
{"level":"debug","message":"Messages service started","module":"messages","timestamp":"2025-12-09T02:52:33.429Z"}
{"level":"debug","message":"Notes service started","module":"notes","timestamp":"2025-12-09T02:52:33.429Z"}
{"level":"debug","message":"Contacts service started","module":"contact","timestamp":"2025-12-09T02:52:33.429Z"}
{"level":"debug","message":"Photo service started","module":"photo","timestamp":"2025-12-09T02:52:33.438Z"}
{"level":"debug","message":"Twitter service started","module":"twitter","timestamp":"2025-12-09T02:52:33.438Z"}
{"level":"debug","message":"Match service started","module":"match","timestamp":"2025-12-09T02:52:33.438Z"}
{"level":"debug","message":"Beginning database schema validation","module":"boot","timestamp":"2025-12-09T02:52:34.349Z"}
{"level":"info","message":"Successfully started","timestamp":"2025-12-09T02:52:34.358Z"}
{"level":"info","message":"Executed query (SELECT COUNT(*) as count\n                       FROM information_schema.tables\n                       WHERE table_schema = ?\n                         AND table_name = ? [\"qbox_231074\",\"players\"]) in 336.4027ms'","module":"DBInterface","timestamp":"2025-12-09T02:52:34.686Z"}
{"level":"info","message":"Executed query (SHOW COLUMNS IN players []) in 10.3717ms'","module":"DBInterface","timestamp":"2025-12-09T02:52:34.696Z"}
{"level":"debug","message":"Database schema successfully validated","module":"boot","timestamp":"2025-12-09T02:52:34.697Z"}
{"level":"info","message":"New NPWD Player added through event (1) (U4N41JY0)","module":"player","timestamp":"2025-12-09T02:53:36.378Z"}
{"level":"debug","message":{"_firstname":"Mr","_identifier":"U4N41JY0","_lastname":"Dx","_phoneNumber":"4085010062","source":1,"username":"DEV Dx"},"module":"player","timestamp":"2025-12-09T02:53:36.378Z"}
{"level":"info","message":"New NPWD Player added through event (1) (U4N41JY0)","module":"player","timestamp":"2025-12-09T02:53:36.380Z"}
{"level":"debug","message":{"_firstname":"Mr","_identifier":"U4N41JY0","_lastname":"Dx","_phoneNumber":"4085010062","source":1,"username":"DEV Dx"},"module":"player","timestamp":"2025-12-09T02:53:36.380Z"}
{"level":"silly","message":"netPromise > npwd:fetchTweets > RequestObj","module":"events","timestamp":"2025-12-09T02:53:36.478Z"}
{"level":"silly","message":{"data":{"pageId":0},"source":1},"module":"events","timestamp":"2025-12-09T02:53:36.478Z"}
{"level":"info","message":"Executed query (\n        SELECT *\n        FROM npwd_twitter_profiles\n        WHERE identifier = ?\n        LIMIT 1\n\t\t [\"U4N41JY0\"]) in 1.7045ms'","module":"DBInterface","timestamp":"2025-12-09T02:53:36.480Z"}
{"level":"warn","message":"Aborted fetching tweets for user U4N41JY0 because they do not have a profile.","module":"twitter","timestamp":"2025-12-09T02:53:36.480Z"}
{"level":"silly","message":"Response Promise Event npwd:fetchTweets:b1aea855-408f-4b1d-802a-c1b6957557e6 (2.2614ms), Data >>","module":"events","timestamp":"2025-12-09T02:53:36.480Z"}
{"level":"silly","message":{"data":[],"status":"ok"},"module":"events","timestamp":"2025-12-09T02:53:36.480Z"}
{"level":"silly","message":"netPromise > npwd:getOrCreateTwitterProfile > RequestObj","module":"events","timestamp":"2025-12-09T02:53:36.578Z"}
{"level":"silly","message":{"data":null,"source":1},"module":"events","timestamp":"2025-12-09T02:53:36.578Z"}
{"level":"silly","message":"netPromise > phone:getMyProfile > RequestObj","module":"events","timestamp":"2025-12-09T02:53:36.579Z"}
{"level":"silly","message":{"data":null,"source":1},"module":"events","timestamp":"2025-12-09T02:53:36.579Z"}
{"level":"silly","message":"netPromise > npwd:fetchMessageGroups > RequestObj","module":"events","timestamp":"2025-12-09T02:53:36.579Z"}
{"level":"silly","message":{"data":null,"source":1},"module":"events","timestamp":"2025-12-09T02:53:36.579Z"}
{"level":"silly","message":"netPromise > npwd-contact-getAll > RequestObj","module":"events","timestamp":"2025-12-09T02:53:36.580Z"}
{"level":"silly","message":{"data":null,"source":1},"module":"events","timestamp":"2025-12-09T02:53:36.580Z"}
{"level":"info","message":"Executed query (\n        SELECT *\n        FROM npwd_twitter_profiles\n        WHERE identifier = ?\n        LIMIT 1\n\t\t [\"U4N41JY0\"]) in 3.5939ms'","module":"DBInterface","timestamp":"2025-12-09T02:53:36.582Z"}
{"level":"info","message":"Creating default Twitter profile Mr_Dx for U4N41JY0","module":"twitter","timestamp":"2025-12-09T02:53:36.582Z"}
{"level":"info","message":"Executed query (SELECT npwd_messages_conversations.id,\n                          npwd_messages_conversations.conversation_list         as conversationList,\n                          npwd_messages_participants.unread_count               as unreadCount,\n                          npwd_messages_conversations.is_group_chat             as isGroupChat,\n                          npwd_messages_conversations.label,\n                          UNIX_TIMESTAMP(npwd_messages_conversations.updatedAt) as updatedAt,\n                          npwd_messages_participants.participant\n                   FROM npwd_messages_conversations\n                            INNER JOIN npwd_messages_participants\n                                       on npwd_messages_conversations.id = npwd_messages_participants.conversation_id\n                   WHERE npwd_messages_participants.participant = ? [\"4085010062\"]) in 4.5375ms'","module":"DBInterface","timestamp":"2025-12-09T02:53:36.584Z"}
{"level":"silly","message":"Response Promise Event npwd:fetchMessageGroups:47a89d07-99fd-4b16-b63c-da8526fad094 (4.8051ms), Data >>","module":"events","timestamp":"2025-12-09T02:53:36.584Z"}
{"level":"info","message":"Executed query (\n        SELECT *,\n               UNIX_TIMESTAMP(updatedAt) AS lastActive\n        FROM npwd_match_profiles\n        WHERE identifier = ?\n        LIMIT 1\n\t\t [\"U4N41JY0\"]) in 5.9156ms'","module":"DBInterface","timestamp":"2025-12-09T02:53:36.585Z"}
{"level":"info","message":"Executed query (SELECT * FROM npwd_phone_contacts WHERE identifier = ? ORDER BY display ASC [\"U4N41JY0\"]) in 4.94ms'","module":"DBInterface","timestamp":"2025-12-09T02:53:36.585Z"}
{"level":"silly","message":{"data":[],"status":"ok"},"module":"events","timestamp":"2025-12-09T02:53:36.584Z"}
{"level":"silly","message":"Response Promise Event phone:getMyProfile:d9ebf330-a6bb-45b3-82c9-38b34b11f90c (6.3788ms), Data >>","module":"events","timestamp":"2025-12-09T02:53:36.585Z"}
{"level":"silly","message":{"data":{"bio":"","createdAt":"2025-12-09T02:20:07.000Z","id":2,"identifier":"U4N41JY0","image":"https://upload.wikimedia.org/wikipedia/commons/a/ac/No_image_available.svg","job":"","lastActive":1765246807,"lastActiveFormatted":"Tue, 09 Dec 2025 02:20:07 GMT","location":"","name":"Mr Dx","tagList":[],"tags":"","updatedAt":"2025-12-09T02:20:07.000Z","viewed":false,"voiceMessage":null},"status":"ok"},"module":"events","timestamp":"2025-12-09T02:53:36.585Z"}
{"level":"silly","message":"Response Promise Event npwd-contact-getAll:fcd0ed1d-2abd-4b84-8297-6e4b449aa113 (5.1876ms), Data >>","module":"events","timestamp":"2025-12-09T02:53:36.585Z"}
{"level":"silly","message":{"data":[],"status":"ok"},"module":"events","timestamp":"2025-12-09T02:53:36.585Z"}
{"level":"silly","message":"Response Promise Event npwd:getOrCreateTwitterProfile:6b3dbd1f-27c3-4eee-aaae-57382809a818 (7.5917ms), Data >>","module":"events","timestamp":"2025-12-09T02:53:36.586Z"}
{"level":"silly","message":{"errorMsg":"Duplicate entry 'Mr_Dx' for key 'profile_name_UNIQUE'","status":"error"},"module":"events","timestamp":"2025-12-09T02:53:36.586Z"}
{"level":"error","message":"Failed to get or create profile, Duplicate entry 'Mr_Dx' for key 'profile_name_UNIQUE'","module":"twitter","source":1,"timestamp":"2025-12-09T02:53:36.586Z"}
{"level":"info","message":"Executed query (SELECT id FROM npwd_marketplace_listings WHERE identifier = ? [\"U4N41JY0\"]) in 1.9465ms'","module":"DBInterface","timestamp":"2025-12-09T03:00:00.280Z"}
{"level":"info","message":"Executed query (DELETE FROM npwd_marketplace_listings WHERE identifier = ? AND reported = 0 [\"U4N41JY0\"]) in 0.4309ms'","module":"DBInterface","timestamp":"2025-12-09T03:00:00.280Z"}
{"level":"info","message":"Unloaded NPWD Player, source: (1)","module":"player","timestamp":"2025-12-09T03:00:00.280Z"}
{"level":"debug","message":"Marketplace service started","module":"marketplace","timestamp":"2025-12-09T03:00:11.039Z"}
{"level":"debug","message":"Call service started","module":"calls","timestamp":"2025-12-09T03:00:11.040Z"}
{"level":"debug","message":"Player Service started","module":"player","timestamp":"2025-12-09T03:00:11.040Z"}
{"level":"info","message":"Loading QBX bridge....","timestamp":"2025-12-09T03:00:11.040Z"}
{"level":"info","message":"QBX bridge initialized","timestamp":"2025-12-09T03:00:11.040Z"}
{"level":"debug","message":"Boot service started","module":"boot","timestamp":"2025-12-09T03:00:11.040Z"}
{"level":"debug","message":"Messages service started","module":"messages","timestamp":"2025-12-09T03:00:11.040Z"}
{"level":"debug","message":"Notes service started","module":"notes","timestamp":"2025-12-09T03:00:11.040Z"}
{"level":"debug","message":"Contacts service started","module":"contact","timestamp":"2025-12-09T03:00:11.040Z"}
{"level":"debug","message":"Photo service started","module":"photo","timestamp":"2025-12-09T03:00:11.050Z"}
{"level":"debug","message":"Twitter service started","module":"twitter","timestamp":"2025-12-09T03:00:11.050Z"}
{"level":"debug","message":"Match service started","module":"match","timestamp":"2025-12-09T03:00:11.051Z"}
{"level":"debug","message":"Beginning database schema validation","module":"boot","timestamp":"2025-12-09T03:00:11.745Z"}
{"level":"info","message":"Successfully started","timestamp":"2025-12-09T03:00:11.753Z"}
{"level":"info","message":"Executed query (SELECT COUNT(*) as count\n                       FROM information_schema.tables\n                       WHERE table_schema = ?\n                         AND table_name = ? [\"qbox_231074\",\"players\"]) in 368.4463ms'","module":"DBInterface","timestamp":"2025-12-09T03:00:12.114Z"}
{"level":"info","message":"Executed query (SHOW COLUMNS IN players []) in 9.235ms'","module":"DBInterface","timestamp":"2025-12-09T03:00:12.123Z"}
{"level":"debug","message":"Database schema successfully validated","module":"boot","timestamp":"2025-12-09T03:00:12.123Z"}
{"level":"debug","message":"Marketplace service started","module":"marketplace","timestamp":"2025-12-09T03:14:00.946Z"}
{"level":"debug","message":"Call service started","module":"calls","timestamp":"2025-12-09T03:14:00.947Z"}
{"level":"debug","message":"Player Service started","module":"player","timestamp":"2025-12-09T03:14:00.947Z"}
{"level":"info","message":"Loading QBX bridge....","timestamp":"2025-12-09T03:14:00.947Z"}
{"level":"info","message":"QBX bridge initialized","timestamp":"2025-12-09T03:14:00.947Z"}
{"level":"debug","message":"Boot service started","module":"boot","timestamp":"2025-12-09T03:14:00.948Z"}
{"level":"debug","message":"Messages service started","module":"messages","timestamp":"2025-12-09T03:14:00.948Z"}
{"level":"debug","message":"Notes service started","module":"notes","timestamp":"2025-12-09T03:14:00.948Z"}
{"level":"debug","message":"Contacts service started","module":"contact","timestamp":"2025-12-09T03:14:00.948Z"}
{"level":"debug","message":"Photo service started","module":"photo","timestamp":"2025-12-09T03:14:00.956Z"}
{"level":"debug","message":"Twitter service started","module":"twitter","timestamp":"2025-12-09T03:14:00.956Z"}
{"level":"debug","message":"Match service started","module":"match","timestamp":"2025-12-09T03:14:00.957Z"}
{"level":"debug","message":"Beginning database schema validation","module":"boot","timestamp":"2025-12-09T03:14:03.224Z"}
{"level":"info","message":"Successfully started","timestamp":"2025-12-09T03:14:03.233Z"}
{"level":"info","message":"Executed query (SELECT COUNT(*) as count\n                       FROM information_schema.tables\n                       WHERE table_schema = ?\n                         AND table_name = ? [\"qbox_231074\",\"players\"]) in 406.404ms'","module":"DBInterface","timestamp":"2025-12-09T03:14:03.631Z"}
{"level":"info","message":"Executed query (SHOW COLUMNS IN players []) in 15.0842ms'","module":"DBInterface","timestamp":"2025-12-09T03:14:03.646Z"}
{"level":"debug","message":"Database schema successfully validated","module":"boot","timestamp":"2025-12-09T03:14:03.646Z"}
{"level":"info","message":"New NPWD Player added through event (1) (U4N41JY0)","module":"player","timestamp":"2025-12-09T03:17:11.629Z"}
{"level":"debug","message":{"_firstname":"Mr","_identifier":"U4N41JY0","_lastname":"Dx","_phoneNumber":"4085010062","source":1,"username":"DEV Dx"},"module":"player","timestamp":"2025-12-09T03:17:11.630Z"}
{"level":"info","message":"New NPWD Player added through event (1) (U4N41JY0)","module":"player","timestamp":"2025-12-09T03:17:11.631Z"}
{"level":"debug","message":{"_firstname":"Mr","_identifier":"U4N41JY0","_lastname":"Dx","_phoneNumber":"4085010062","source":1,"username":"DEV Dx"},"module":"player","timestamp":"2025-12-09T03:17:11.631Z"}
{"level":"silly","message":"netPromise > npwd:fetchTweets > RequestObj","module":"events","timestamp":"2025-12-09T03:17:11.753Z"}
{"level":"silly","message":{"data":{"pageId":0},"source":1},"module":"events","timestamp":"2025-12-09T03:17:11.753Z"}
{"level":"info","message":"Executed query (\n        SELECT *\n        FROM npwd_twitter_profiles\n        WHERE identifier = ?\n        LIMIT 1\n\t\t [\"U4N41JY0\"]) in 2.0381ms'","module":"DBInterface","timestamp":"2025-12-09T03:17:11.755Z"}
{"level":"warn","message":"Aborted fetching tweets for user U4N41JY0 because they do not have a profile.","module":"twitter","timestamp":"2025-12-09T03:17:11.755Z"}
{"level":"silly","message":"Response Promise Event npwd:fetchTweets:c9ad030e-be22-45ef-8e2f-4a94f34c4d93 (2.5483ms), Data >>","module":"events","timestamp":"2025-12-09T03:17:11.755Z"}
{"level":"silly","message":{"data":[],"status":"ok"},"module":"events","timestamp":"2025-12-09T03:17:11.755Z"}
{"level":"silly","message":"netPromise > npwd:getOrCreateTwitterProfile > RequestObj","module":"events","timestamp":"2025-12-09T03:17:11.872Z"}
{"level":"silly","message":{"data":null,"source":1},"module":"events","timestamp":"2025-12-09T03:17:11.872Z"}
{"level":"silly","message":"netPromise > phone:getMyProfile > RequestObj","module":"events","timestamp":"2025-12-09T03:17:11.872Z"}
{"level":"silly","message":{"data":null,"source":1},"module":"events","timestamp":"2025-12-09T03:17:11.872Z"}
{"level":"silly","message":"netPromise > npwd:fetchMessageGroups > RequestObj","module":"events","timestamp":"2025-12-09T03:17:11.874Z"}
{"level":"silly","message":{"data":null,"source":1},"module":"events","timestamp":"2025-12-09T03:17:11.874Z"}
{"level":"silly","message":"netPromise > npwd-contact-getAll > RequestObj","module":"events","timestamp":"2025-12-09T03:17:11.874Z"}
{"level":"silly","message":{"data":null,"source":1},"module":"events","timestamp":"2025-12-09T03:17:11.874Z"}
{"level":"info","message":"Executed query (\n        SELECT *\n        FROM npwd_twitter_profiles\n        WHERE identifier = ?\n        LIMIT 1\n\t\t [\"U4N41JY0\"]) in 4.0914ms'","module":"DBInterface","timestamp":"2025-12-09T03:17:11.876Z"}
{"level":"info","message":"Creating default Twitter profile Mr_Dx for U4N41JY0","module":"twitter","timestamp":"2025-12-09T03:17:11.876Z"}
{"level":"info","message":"Executed query (\n        SELECT *,\n               UNIX_TIMESTAMP(updatedAt) AS lastActive\n        FROM npwd_match_profiles\n        WHERE identifier = ?\n        LIMIT 1\n\t\t [\"U4N41JY0\"]) in 6.3459ms'","module":"DBInterface","timestamp":"2025-12-09T03:17:11.879Z"}
{"level":"silly","message":"Response Promise Event phone:getMyProfile:acf8bfc0-1a24-4596-9899-102216ffad8c (6.8052ms), Data >>","module":"events","timestamp":"2025-12-09T03:17:11.879Z"}
{"level":"info","message":"Executed query (SELECT npwd_messages_conversations.id,\n                          npwd_messages_conversations.conversation_list         as conversationList,\n                          npwd_messages_participants.unread_count               as unreadCount,\n                          npwd_messages_conversations.is_group_chat             as isGroupChat,\n                          npwd_messages_conversations.label,\n                          UNIX_TIMESTAMP(npwd_messages_conversations.updatedAt) as updatedAt,\n                          npwd_messages_participants.participant\n                   FROM npwd_messages_conversations\n                            INNER JOIN npwd_messages_participants\n                                       on npwd_messages_conversations.id = npwd_messages_participants.conversation_id\n                   WHERE npwd_messages_participants.participant = ? [\"4085010062\"]) in 5.3186ms'","module":"DBInterface","timestamp":"2025-12-09T03:17:11.879Z"}
{"level":"info","message":"Executed query (SELECT * FROM npwd_phone_contacts WHERE identifier = ? ORDER BY display ASC [\"U4N41JY0\"]) in 5.8216ms'","module":"DBInterface","timestamp":"2025-12-09T03:17:11.880Z"}
{"level":"silly","message":{"data":{"bio":"","createdAt":"2025-12-09T02:20:07.000Z","id":2,"identifier":"U4N41JY0","image":"https://upload.wikimedia.org/wikipedia/commons/a/ac/No_image_available.svg","job":"","lastActive":1765246807,"lastActiveFormatted":"Tue, 09 Dec 2025 02:20:07 GMT","location":"","name":"Mr Dx","tagList":[],"tags":"","updatedAt":"2025-12-09T02:20:07.000Z","viewed":false,"voiceMessage":null},"status":"ok"},"module":"events","timestamp":"2025-12-09T03:17:11.879Z"}
{"level":"silly","message":"Response Promise Event npwd:fetchMessageGroups:c43712bc-3aaf-415a-a566-79f154d64780 (5.7294ms), Data >>","module":"events","timestamp":"2025-12-09T03:17:11.879Z"}
{"level":"silly","message":{"data":[],"status":"ok"},"module":"events","timestamp":"2025-12-09T03:17:11.879Z"}
{"level":"silly","message":"Response Promise Event npwd:getOrCreateTwitterProfile:55b1f69b-ca46-43c3-9973-dbe9652bafbf (7.7189ms), Data >>","module":"events","timestamp":"2025-12-09T03:17:11.880Z"}
{"level":"silly","message":{"errorMsg":"Duplicate entry 'Mr_Dx' for key 'profile_name_UNIQUE'","status":"error"},"module":"events","timestamp":"2025-12-09T03:17:11.880Z"}
{"level":"error","message":"Failed to get or create profile, Duplicate entry 'Mr_Dx' for key 'profile_name_UNIQUE'","module":"twitter","source":1,"timestamp":"2025-12-09T03:17:11.880Z"}
{"level":"silly","message":"Response Promise Event npwd-contact-getAll:5f284d77-7b51-4e6f-992e-f6d73be37412 (6.0222ms), Data >>","module":"events","timestamp":"2025-12-09T03:17:11.880Z"}
{"level":"silly","message":{"data":[],"status":"ok"},"module":"events","timestamp":"2025-12-09T03:17:11.880Z"}
{"level":"info","message":"Executed query (SELECT id FROM npwd_marketplace_listings WHERE identifier = ? [\"U4N41JY0\"]) in 1.5682ms'","module":"DBInterface","timestamp":"2025-12-09T03:20:07.109Z"}
{"level":"info","message":"Executed query (DELETE FROM npwd_marketplace_listings WHERE identifier = ? AND reported = 0 [\"U4N41JY0\"]) in 0.5568ms'","module":"DBInterface","timestamp":"2025-12-09T03:20:07.109Z"}
{"level":"info","message":"Unloaded NPWD Player, source: (1)","module":"player","timestamp":"2025-12-09T03:20:07.110Z"}
{"level":"info","message":"New NPWD Player added through event (2) (U4N41JY0)","module":"player","timestamp":"2025-12-09T03:20:53.642Z"}
{"level":"debug","message":{"_firstname":"Mr","_identifier":"U4N41JY0","_lastname":"Dx","_phoneNumber":"4085010062","source":2,"username":"DEV Dx"},"module":"player","timestamp":"2025-12-09T03:20:53.642Z"}
{"level":"info","message":"New NPWD Player added through event (2) (U4N41JY0)","module":"player","timestamp":"2025-12-09T03:20:53.643Z"}
{"level":"debug","message":{"_firstname":"Mr","_identifier":"U4N41JY0","_lastname":"Dx","_phoneNumber":"4085010062","source":2,"username":"DEV Dx"},"module":"player","timestamp":"2025-12-09T03:20:53.643Z"}
{"level":"silly","message":"netPromise > npwd:fetchTweets > RequestObj","module":"events","timestamp":"2025-12-09T03:20:53.702Z"}
{"level":"silly","message":{"data":{"pageId":0},"source":2},"module":"events","timestamp":"2025-12-09T03:20:53.702Z"}
{"level":"info","message":"Executed query (\n        SELECT *\n        FROM npwd_twitter_profiles\n        WHERE identifier = ?\n        LIMIT 1\n\t\t [\"U4N41JY0\"]) in 1.1306ms'","module":"DBInterface","timestamp":"2025-12-09T03:20:53.704Z"}
{"level":"warn","message":"Aborted fetching tweets for user U4N41JY0 because they do not have a profile.","module":"twitter","timestamp":"2025-12-09T03:20:53.704Z"}
{"level":"silly","message":"Response Promise Event npwd:fetchTweets:dcc4bff3-764f-494d-bbc6-7fdca4f42a88 (1.4204ms), Data >>","module":"events","timestamp":"2025-12-09T03:20:53.704Z"}
{"level":"silly","message":{"data":[],"status":"ok"},"module":"events","timestamp":"2025-12-09T03:20:53.704Z"}
{"level":"silly","message":"netPromise > npwd:getOrCreateTwitterProfile > RequestObj","module":"events","timestamp":"2025-12-09T03:20:53.765Z"}
{"level":"silly","message":{"data":null,"source":2},"module":"events","timestamp":"2025-12-09T03:20:53.766Z"}
{"level":"silly","message":"netPromise > phone:getMyProfile > RequestObj","module":"events","timestamp":"2025-12-09T03:20:53.766Z"}
{"level":"silly","message":{"data":null,"source":2},"module":"events","timestamp":"2025-12-09T03:20:53.766Z"}
{"level":"silly","message":"netPromise > npwd:fetchMessageGroups > RequestObj","module":"events","timestamp":"2025-12-09T03:20:53.766Z"}
{"level":"silly","message":{"data":null,"source":2},"module":"events","timestamp":"2025-12-09T03:20:53.766Z"}
{"level":"silly","message":"netPromise > npwd-contact-getAll > RequestObj","module":"events","timestamp":"2025-12-09T03:20:53.766Z"}
{"level":"silly","message":{"data":null,"source":2},"module":"events","timestamp":"2025-12-09T03:20:53.766Z"}
{"level":"info","message":"Executed query (\n        SELECT *\n        FROM npwd_twitter_profiles\n        WHERE identifier = ?\n        LIMIT 1\n\t\t [\"U4N41JY0\"]) in 0.9584ms'","module":"DBInterface","timestamp":"2025-12-09T03:20:53.767Z"}
{"level":"info","message":"Creating default Twitter profile Mr_Dx for U4N41JY0","module":"twitter","timestamp":"2025-12-09T03:20:53.767Z"}
{"level":"silly","message":"Response Promise Event npwd:fetchMessageGroups:c5f0ed86-45dc-44d3-912a-1b9aa3199374 (1.2459ms), Data >>","module":"events","timestamp":"2025-12-09T03:20:53.767Z"}
{"level":"silly","message":{"data":[],"status":"ok"},"module":"events","timestamp":"2025-12-09T03:20:53.767Z"}
{"level":"info","message":"Executed query (SELECT npwd_messages_conversations.id,\n                          npwd_messages_conversations.conversation_list         as conversationList,\n                          npwd_messages_participants.unread_count               as unreadCount,\n                          npwd_messages_conversations.is_group_chat             as isGroupChat,\n                          npwd_messages_conversations.label,\n                          UNIX_TIMESTAMP(npwd_messages_conversations.updatedAt) as updatedAt,\n                          npwd_messages_participants.participant\n                   FROM npwd_messages_conversations\n                            INNER JOIN npwd_messages_participants\n                                       on npwd_messages_conversations.id = npwd_messages_participants.conversation_id\n                   WHERE npwd_messages_participants.participant = ? [\"4085010062\"]) in 1.1245ms'","module":"DBInterface","timestamp":"2025-12-09T03:20:53.767Z"}
{"level":"info","message":"Executed query (\n        SELECT *,\n               UNIX_TIMESTAMP(updatedAt) AS lastActive\n        FROM npwd_match_profiles\n        WHERE identifier = ?\n        LIMIT 1\n\t\t [\"U4N41JY0\"]) in 1.8717ms'","module":"DBInterface","timestamp":"2025-12-09T03:20:53.768Z"}
{"level":"silly","message":"Response Promise Event phone:getMyProfile:1127e6dd-e485-41ed-aaf9-8a16970c2ae1 (2.1491ms), Data >>","module":"events","timestamp":"2025-12-09T03:20:53.768Z"}
{"level":"info","message":"Executed query (SELECT * FROM npwd_phone_contacts WHERE identifier = ? ORDER BY display ASC [\"U4N41JY0\"]) in 2.0405ms'","module":"DBInterface","timestamp":"2025-12-09T03:20:53.768Z"}
{"level":"silly","message":{"data":{"bio":"","createdAt":"2025-12-09T02:20:07.000Z","id":2,"identifier":"U4N41JY0","image":"https://upload.wikimedia.org/wikipedia/commons/a/ac/No_image_available.svg","job":"","lastActive":1765246807,"lastActiveFormatted":"Tue, 09 Dec 2025 02:20:07 GMT","location":"","name":"Mr Dx","tagList":[],"tags":"","updatedAt":"2025-12-09T02:20:07.000Z","viewed":false,"voiceMessage":null},"status":"ok"},"module":"events","timestamp":"2025-12-09T03:20:53.768Z"}
{"level":"silly","message":"Response Promise Event npwd-contact-getAll:4482026e-4089-4e10-8239-8772c2bd2cd2 (2.1357ms), Data >>","module":"events","timestamp":"2025-12-09T03:20:53.768Z"}
{"level":"silly","message":{"data":[],"status":"ok"},"module":"events","timestamp":"2025-12-09T03:20:53.768Z"}
{"level":"silly","message":"Response Promise Event npwd:getOrCreateTwitterProfile:afd968bb-6b57-4309-9cb8-7f1b1864b2ba (2.9253ms), Data >>","module":"events","timestamp":"2025-12-09T03:20:53.768Z"}
{"level":"silly","message":{"errorMsg":"Duplicate entry 'Mr_Dx' for key 'profile_name_UNIQUE'","status":"error"},"module":"events","timestamp":"2025-12-09T03:20:53.768Z"}
{"level":"error","message":"Failed to get or create profile, Duplicate entry 'Mr_Dx' for key 'profile_name_UNIQUE'","module":"twitter","source":2,"timestamp":"2025-12-09T03:20:53.768Z"}
{"level":"info","message":"Executed query (SELECT id FROM npwd_marketplace_listings WHERE identifier = ? [\"U4N41JY0\"]) in 2.4933ms'","module":"DBInterface","timestamp":"2025-12-09T03:24:27.615Z"}
{"level":"info","message":"Executed query (DELETE FROM npwd_marketplace_listings WHERE identifier = ? AND reported = 0 [\"U4N41JY0\"]) in 0.8167ms'","module":"DBInterface","timestamp":"2025-12-09T03:24:27.616Z"}
{"level":"info","message":"Unloaded NPWD Player, source: (2)","module":"player","timestamp":"2025-12-09T03:24:27.616Z"}
{"level":"debug","message":"Marketplace service started","module":"marketplace","timestamp":"2025-12-09T03:26:42.758Z"}
{"level":"debug","message":"Call service started","module":"calls","timestamp":"2025-12-09T03:26:42.758Z"}
{"level":"debug","message":"Player Service started","module":"player","timestamp":"2025-12-09T03:26:42.758Z"}
{"level":"info","message":"Loading QBX bridge....","timestamp":"2025-12-09T03:26:42.758Z"}
{"level":"info","message":"QBX bridge initialized","timestamp":"2025-12-09T03:26:42.759Z"}
{"level":"debug","message":"Boot service started","module":"boot","timestamp":"2025-12-09T03:26:42.759Z"}
{"level":"debug","message":"Messages service started","module":"messages","timestamp":"2025-12-09T03:26:42.759Z"}
{"level":"debug","message":"Notes service started","module":"notes","timestamp":"2025-12-09T03:26:42.759Z"}
{"level":"debug","message":"Contacts service started","module":"contact","timestamp":"2025-12-09T03:26:42.759Z"}
{"level":"debug","message":"Photo service started","module":"photo","timestamp":"2025-12-09T03:26:42.769Z"}
{"level":"debug","message":"Twitter service started","module":"twitter","timestamp":"2025-12-09T03:26:42.770Z"}
{"level":"debug","message":"Match service started","module":"match","timestamp":"2025-12-09T03:26:42.770Z"}
{"level":"debug","message":"Beginning database schema validation","module":"boot","timestamp":"2025-12-09T03:26:43.380Z"}
{"level":"info","message":"Successfully started","timestamp":"2025-12-09T03:26:43.390Z"}
{"level":"info","message":"Executed query (SELECT COUNT(*) as count\n                       FROM information_schema.tables\n                       WHERE table_schema = ?\n                         AND table_name = ? [\"qbox_231074\",\"players\"]) in 56.6566ms'","module":"DBInterface","timestamp":"2025-12-09T03:26:43.437Z"}
{"level":"info","message":"Executed query (SHOW COLUMNS IN players []) in 18.0988ms'","module":"DBInterface","timestamp":"2025-12-09T03:26:43.455Z"}
{"level":"debug","message":"Database schema successfully validated","module":"boot","timestamp":"2025-12-09T03:26:43.456Z"}
{"level":"debug","message":"1 failed to unload, likely was never loaded in the first place.","module":"player","timestamp":"2025-12-09T03:27:47.795Z"}
{"level":"debug","message":"Marketplace service started","module":"marketplace","timestamp":"2025-12-09T03:27:56.572Z"}
{"level":"debug","message":"Call service started","module":"calls","timestamp":"2025-12-09T03:27:56.573Z"}
{"level":"debug","message":"Player Service started","module":"player","timestamp":"2025-12-09T03:27:56.573Z"}
{"level":"info","message":"Loading QBX bridge....","timestamp":"2025-12-09T03:27:56.573Z"}
{"level":"info","message":"QBX bridge initialized","timestamp":"2025-12-09T03:27:56.573Z"}
{"level":"debug","message":"Boot service started","module":"boot","timestamp":"2025-12-09T03:27:56.573Z"}
{"level":"debug","message":"Messages service started","module":"messages","timestamp":"2025-12-09T03:27:56.573Z"}
{"level":"debug","message":"Notes service started","module":"notes","timestamp":"2025-12-09T03:27:56.573Z"}
{"level":"debug","message":"Contacts service started","module":"contact","timestamp":"2025-12-09T03:27:56.573Z"}
{"level":"debug","message":"Photo service started","module":"photo","timestamp":"2025-12-09T03:27:56.585Z"}
{"level":"debug","message":"Twitter service started","module":"twitter","timestamp":"2025-12-09T03:27:56.585Z"}
{"level":"debug","message":"Match service started","module":"match","timestamp":"2025-12-09T03:27:56.585Z"}
{"level":"debug","message":"Beginning database schema validation","module":"boot","timestamp":"2025-12-09T03:27:57.288Z"}
{"level":"info","message":"Successfully started","timestamp":"2025-12-09T03:27:57.296Z"}
{"level":"info","message":"Executed query (SELECT COUNT(*) as count\n                       FROM information_schema.tables\n                       WHERE table_schema = ?\n                         AND table_name = ? [\"qbox_231074\",\"players\"]) in 352.7023ms'","module":"DBInterface","timestamp":"2025-12-09T03:27:57.641Z"}
{"level":"info","message":"Executed query (SHOW COLUMNS IN players []) in 10.3853ms'","module":"DBInterface","timestamp":"2025-12-09T03:27:57.651Z"}
{"level":"debug","message":"Database schema successfully validated","module":"boot","timestamp":"2025-12-09T03:27:57.651Z"}
{"level":"info","message":"New NPWD Player added through event (1) (U4N41JY0)","module":"player","timestamp":"2025-12-09T03:28:39.743Z"}
{"level":"debug","message":{"_firstname":"Mr","_identifier":"U4N41JY0","_lastname":"Dx","_phoneNumber":"4085010062","source":1,"username":"DEV Dx"},"module":"player","timestamp":"2025-12-09T03:28:39.743Z"}
{"level":"info","message":"New NPWD Player added through event (1) (U4N41JY0)","module":"player","timestamp":"2025-12-09T03:28:39.746Z"}
{"level":"debug","message":{"_firstname":"Mr","_identifier":"U4N41JY0","_lastname":"Dx","_phoneNumber":"4085010062","source":1,"username":"DEV Dx"},"module":"player","timestamp":"2025-12-09T03:28:39.746Z"}
{"level":"silly","message":"netPromise > npwd:fetchTweets > RequestObj","module":"events","timestamp":"2025-12-09T03:28:39.792Z"}
{"level":"silly","message":{"data":{"pageId":0},"source":1},"module":"events","timestamp":"2025-12-09T03:28:39.792Z"}
{"level":"info","message":"Executed query (\n        SELECT *\n        FROM npwd_twitter_profiles\n        WHERE identifier = ?\n        LIMIT 1\n\t\t [\"U4N41JY0\"]) in 1.8887ms'","module":"DBInterface","timestamp":"2025-12-09T03:28:39.795Z"}
{"level":"warn","message":"Aborted fetching tweets for user U4N41JY0 because they do not have a profile.","module":"twitter","timestamp":"2025-12-09T03:28:39.795Z"}
{"level":"silly","message":"Response Promise Event npwd:fetchTweets:af1f1c5a-0a08-45e7-b6b3-fe971be67634 (2.5187ms), Data >>","module":"events","timestamp":"2025-12-09T03:28:39.795Z"}
{"level":"silly","message":{"data":[],"status":"ok"},"module":"events","timestamp":"2025-12-09T03:28:39.795Z"}
{"level":"silly","message":"netPromise > npwd:getOrCreateTwitterProfile > RequestObj","module":"events","timestamp":"2025-12-09T03:28:39.842Z"}
{"level":"silly","message":{"data":null,"source":1},"module":"events","timestamp":"2025-12-09T03:28:39.842Z"}
{"level":"silly","message":"netPromise > phone:getMyProfile > RequestObj","module":"events","timestamp":"2025-12-09T03:28:39.842Z"}
{"level":"silly","message":{"data":null,"source":1},"module":"events","timestamp":"2025-12-09T03:28:39.842Z"}
{"level":"silly","message":"netPromise > npwd:fetchMessageGroups > RequestObj","module":"events","timestamp":"2025-12-09T03:28:39.843Z"}
{"level":"silly","message":{"data":null,"source":1},"module":"events","timestamp":"2025-12-09T03:28:39.843Z"}
{"level":"silly","message":"netPromise > npwd-contact-getAll > RequestObj","module":"events","timestamp":"2025-12-09T03:28:39.844Z"}
{"level":"silly","message":{"data":null,"source":1},"module":"events","timestamp":"2025-12-09T03:28:39.844Z"}
{"level":"info","message":"Executed query (\n        SELECT *\n        FROM npwd_twitter_profiles\n        WHERE identifier = ?\n        LIMIT 1\n\t\t [\"U4N41JY0\"]) in 4.1073ms'","module":"DBInterface","timestamp":"2025-12-09T03:28:39.846Z"}
{"level":"info","message":"Creating default Twitter profile Mr_Dx for U4N41JY0","module":"twitter","timestamp":"2025-12-09T03:28:39.847Z"}
{"level":"silly","message":"Response Promise Event npwd:getOrCreateTwitterProfile:034da9cd-920d-4bac-819c-d1e1e0cfe741 (6.5125ms), Data >>","module":"events","timestamp":"2025-12-09T03:28:39.848Z"}
{"level":"info","message":"Executed query (\n        SELECT *,\n               UNIX_TIMESTAMP(updatedAt) AS lastActive\n        FROM npwd_match_profiles\n        WHERE identifier = ?\n        LIMIT 1\n\t\t [\"U4N41JY0\"]) in 7.5694ms'","module":"DBInterface","timestamp":"2025-12-09T03:28:39.850Z"}
{"level":"silly","message":{"errorMsg":"Duplicate entry 'Mr_Dx' for key 'profile_name_UNIQUE'","status":"error"},"module":"events","timestamp":"2025-12-09T03:28:39.849Z"}
{"level":"error","message":"Failed to get or create profile, Duplicate entry 'Mr_Dx' for key 'profile_name_UNIQUE'","module":"twitter","source":1,"timestamp":"2025-12-09T03:28:39.849Z"}
{"level":"silly","message":"Response Promise Event phone:getMyProfile:a325e015-192a-4f47-9f2f-6d5d4aaed93e (8.1398ms), Data >>","module":"events","timestamp":"2025-12-09T03:28:39.850Z"}
{"level":"silly","message":{"data":{"bio":"","createdAt":"2025-12-09T02:20:07.000Z","id":2,"identifier":"U4N41JY0","image":"https://upload.wikimedia.org/wikipedia/commons/a/ac/No_image_available.svg","job":"","lastActive":1765246807,"lastActiveFormatted":"Tue, 09 Dec 2025 02:20:07 GMT","location":"","name":"Mr Dx","tagList":[],"tags":"","updatedAt":"2025-12-09T02:20:07.000Z","viewed":false,"voiceMessage":null},"status":"ok"},"module":"events","timestamp":"2025-12-09T03:28:39.851Z"}
{"level":"info","message":"Executed query (SELECT npwd_messages_conversations.id,\n                          npwd_messages_conversations.conversation_list         as conversationList,\n                          npwd_messages_participants.unread_count               as unreadCount,\n                          npwd_messages_conversations.is_group_chat             as isGroupChat,\n                          npwd_messages_conversations.label,\n                          UNIX_TIMESTAMP(npwd_messages_conversations.updatedAt) as updatedAt,\n                          npwd_messages_participants.participant\n                   FROM npwd_messages_conversations\n                            INNER JOIN npwd_messages_participants\n                                       on npwd_messages_conversations.id = npwd_messages_participants.conversation_id\n                   WHERE npwd_messages_participants.participant = ? [\"4085010062\"]) in 7.6734ms'","module":"DBInterface","timestamp":"2025-12-09T03:28:39.851Z"}
{"level":"silly","message":"Response Promise Event npwd:fetchMessageGroups:324ea303-6a01-4adf-b481-cc5140938c8b (7.9266ms), Data >>","module":"events","timestamp":"2025-12-09T03:28:39.851Z"}
{"level":"silly","message":{"data":[],"status":"ok"},"module":"events","timestamp":"2025-12-09T03:28:39.851Z"}
{"level":"silly","message":"Response Promise Event npwd-contact-getAll:86ea1789-9023-4f1a-8f45-210caef9ea9f (7.292ms), Data >>","module":"events","timestamp":"2025-12-09T03:28:39.851Z"}
{"level":"silly","message":{"data":[],"status":"ok"},"module":"events","timestamp":"2025-12-09T03:28:39.851Z"}
{"level":"info","message":"Executed query (SELECT * FROM npwd_phone_contacts WHERE identifier = ? ORDER BY display ASC [\"U4N41JY0\"]) in 7.0274ms'","module":"DBInterface","timestamp":"2025-12-09T03:28:39.851Z"}
{"level":"info","message":"Executed query (SELECT id FROM npwd_marketplace_listings WHERE identifier = ? [\"U4N41JY0\"]) in 1.9555ms'","module":"DBInterface","timestamp":"2025-12-09T03:34:55.096Z"}
{"level":"info","message":"Executed query (DELETE FROM npwd_marketplace_listings WHERE identifier = ? AND reported = 0 [\"U4N41JY0\"]) in 0.5317ms'","module":"DBInterface","timestamp":"2025-12-09T03:34:55.097Z"}
{"level":"info","message":"Unloaded NPWD Player, source: (1)","module":"player","timestamp":"2025-12-09T03:34:55.097Z"}
{"level":"debug","message":"Marketplace service started","module":"marketplace","timestamp":"2025-12-09T03:35:09.534Z"}
{"level":"debug","message":"Call service started","module":"calls","timestamp":"2025-12-09T03:35:09.534Z"}
{"level":"debug","message":"Player Service started","module":"player","timestamp":"2025-12-09T03:35:09.534Z"}
{"level":"info","message":"Loading QBX bridge....","timestamp":"2025-12-09T03:35:09.535Z"}
{"level":"info","message":"QBX bridge initialized","timestamp":"2025-12-09T03:35:09.535Z"}
{"level":"debug","message":"Boot service started","module":"boot","timestamp":"2025-12-09T03:35:09.535Z"}
{"level":"debug","message":"Messages service started","module":"messages","timestamp":"2025-12-09T03:35:09.535Z"}
{"level":"debug","message":"Notes service started","module":"notes","timestamp":"2025-12-09T03:35:09.535Z"}
{"level":"debug","message":"Contacts service started","module":"contact","timestamp":"2025-12-09T03:35:09.535Z"}
{"level":"debug","message":"Photo service started","module":"photo","timestamp":"2025-12-09T03:35:09.543Z"}
{"level":"debug","message":"Twitter service started","module":"twitter","timestamp":"2025-12-09T03:35:09.544Z"}
{"level":"debug","message":"Match service started","module":"match","timestamp":"2025-12-09T03:35:09.544Z"}
{"level":"debug","message":"Beginning database schema validation","module":"boot","timestamp":"2025-12-09T03:35:10.263Z"}
{"level":"info","message":"Successfully started","timestamp":"2025-12-09T03:35:10.272Z"}
{"level":"info","message":"Executed query (SELECT COUNT(*) as count\n                       FROM information_schema.tables\n                       WHERE table_schema = ?\n                         AND table_name = ? [\"qbox_231074\",\"players\"]) in 382.4308ms'","module":"DBInterface","timestamp":"2025-12-09T03:35:10.646Z"}
{"level":"info","message":"Executed query (SHOW COLUMNS IN players []) in 14.9094ms'","module":"DBInterface","timestamp":"2025-12-09T03:35:10.661Z"}
{"level":"debug","message":"Database schema successfully validated","module":"boot","timestamp":"2025-12-09T03:35:10.661Z"}
{"level":"debug","message":"Marketplace service started","module":"marketplace","timestamp":"2025-12-09T03:36:39.993Z"}
{"level":"debug","message":"Call service started","module":"calls","timestamp":"2025-12-09T03:36:39.994Z"}
{"level":"debug","message":"Player Service started","module":"player","timestamp":"2025-12-09T03:36:39.994Z"}
{"level":"info","message":"Loading QBX bridge....","timestamp":"2025-12-09T03:36:39.994Z"}
{"level":"info","message":"QBX bridge initialized","timestamp":"2025-12-09T03:36:39.994Z"}
{"level":"debug","message":"Boot service started","module":"boot","timestamp":"2025-12-09T03:36:39.994Z"}
{"level":"debug","message":"Messages service started","module":"messages","timestamp":"2025-12-09T03:36:39.994Z"}
{"level":"debug","message":"Notes service started","module":"notes","timestamp":"2025-12-09T03:36:39.994Z"}
{"level":"debug","message":"Contacts service started","module":"contact","timestamp":"2025-12-09T03:36:39.994Z"}
{"level":"debug","message":"Photo service started","module":"photo","timestamp":"2025-12-09T03:36:40.004Z"}
{"level":"debug","message":"Twitter service started","module":"twitter","timestamp":"2025-12-09T03:36:40.004Z"}
{"level":"debug","message":"Match service started","module":"match","timestamp":"2025-12-09T03:36:40.004Z"}
{"level":"debug","message":"Beginning database schema validation","module":"boot","timestamp":"2025-12-09T03:36:40.688Z"}
{"level":"info","message":"Successfully started","timestamp":"2025-12-09T03:36:40.697Z"}
{"level":"info","message":"Executed query (SELECT COUNT(*) as count\n                       FROM information_schema.tables\n                       WHERE table_schema = ?\n                         AND table_name = ? [\"qbox_231074\",\"players\"]) in 363.6546ms'","module":"DBInterface","timestamp":"2025-12-09T03:36:41.052Z"}
{"level":"info","message":"Executed query (SHOW COLUMNS IN players []) in 14.2129ms'","module":"DBInterface","timestamp":"2025-12-09T03:36:41.066Z"}
{"level":"debug","message":"Database schema successfully validated","module":"boot","timestamp":"2025-12-09T03:36:41.066Z"}
{"level":"info","message":"New NPWD Player added through event (1) (C748QDG4)","module":"player","timestamp":"2025-12-09T03:38:04.626Z"}
{"level":"debug","message":{"_firstname":"Tanvir Anjum","_identifier":"C748QDG4","_lastname":"Neon","_phoneNumber":"1929815209","source":1,"username":"DEV Dx"},"module":"player","timestamp":"2025-12-09T03:38:04.626Z"}
{"level":"info","message":"New NPWD Player added through event (1) (C748QDG4)","module":"player","timestamp":"2025-12-09T03:38:04.630Z"}
{"level":"debug","message":{"_firstname":"Tanvir Anjum","_identifier":"C748QDG4","_lastname":"Neon","_phoneNumber":"1929815209","source":1,"username":"DEV Dx"},"module":"player","timestamp":"2025-12-09T03:38:04.630Z"}
{"level":"silly","message":"netPromise > npwd:fetchTweets > RequestObj","module":"events","timestamp":"2025-12-09T03:38:04.686Z"}
{"level":"silly","message":{"data":{"pageId":0},"source":1},"module":"events","timestamp":"2025-12-09T03:38:04.686Z"}
{"level":"info","message":"Executed query (\n        SELECT *\n        FROM npwd_twitter_profiles\n        WHERE identifier = ?\n        LIMIT 1\n\t\t [\"C748QDG4\"]) in 1.2786ms'","module":"DBInterface","timestamp":"2025-12-09T03:38:04.688Z"}
{"level":"warn","message":"Aborted fetching tweets for user C748QDG4 because they do not have a profile.","module":"twitter","timestamp":"2025-12-09T03:38:04.688Z"}
{"level":"silly","message":"Response Promise Event npwd:fetchTweets:14ccf372-d053-4179-8d5f-1176f3374342 (1.799ms), Data >>","module":"events","timestamp":"2025-12-09T03:38:04.688Z"}
{"level":"silly","message":{"data":[],"status":"ok"},"module":"events","timestamp":"2025-12-09T03:38:04.688Z"}
{"level":"silly","message":"netPromise > npwd:getOrCreateTwitterProfile > RequestObj","module":"events","timestamp":"2025-12-09T03:38:04.750Z"}
{"level":"silly","message":{"data":null,"source":1},"module":"events","timestamp":"2025-12-09T03:38:04.750Z"}
{"level":"silly","message":"netPromise > phone:getMyProfile > RequestObj","module":"events","timestamp":"2025-12-09T03:38:04.750Z"}
{"level":"silly","message":{"data":null,"source":1},"module":"events","timestamp":"2025-12-09T03:38:04.750Z"}
{"level":"silly","message":"netPromise > npwd:fetchMessageGroups > RequestObj","module":"events","timestamp":"2025-12-09T03:38:04.751Z"}
{"level":"silly","message":{"data":null,"source":1},"module":"events","timestamp":"2025-12-09T03:38:04.751Z"}
{"level":"silly","message":"netPromise > npwd-contact-getAll > RequestObj","module":"events","timestamp":"2025-12-09T03:38:04.751Z"}
{"level":"silly","message":{"data":null,"source":1},"module":"events","timestamp":"2025-12-09T03:38:04.751Z"}
{"level":"info","message":"Executed query (\n        SELECT *\n        FROM npwd_twitter_profiles\n        WHERE identifier = ?\n        LIMIT 1\n\t\t [\"C748QDG4\"]) in 4.0273ms'","module":"DBInterface","timestamp":"2025-12-09T03:38:04.754Z"}
{"level":"info","message":"Creating default Twitter profile TanvirAnjum_Neon for C748QDG4","module":"twitter","timestamp":"2025-12-09T03:38:04.754Z"}
{"level":"info","message":"Executed query (SELECT npwd_messages_conversations.id,\n                          npwd_messages_conversations.conversation_list         as conversationList,\n                          npwd_messages_participants.unread_count               as unreadCount,\n                          npwd_messages_conversations.is_group_chat             as isGroupChat,\n                          npwd_messages_conversations.label,\n                          UNIX_TIMESTAMP(npwd_messages_conversations.updatedAt) as updatedAt,\n                          npwd_messages_participants.participant\n                   FROM npwd_messages_conversations\n                            INNER JOIN npwd_messages_participants\n                                       on npwd_messages_conversations.id = npwd_messages_participants.conversation_id\n                   WHERE npwd_messages_participants.participant = ? [\"1929815209\"]) in 5.8901ms'","module":"DBInterface","timestamp":"2025-12-09T03:38:04.757Z"}
{"level":"silly","message":"Response Promise Event npwd:fetchMessageGroups:dd7f8223-0990-4fe6-9fbf-3338f330ad0c (6.1603ms), Data >>","module":"events","timestamp":"2025-12-09T03:38:04.757Z"}
{"level":"info","message":"Executed query (\n        SELECT *,\n               UNIX_TIMESTAMP(updatedAt) AS lastActive\n        FROM npwd_match_profiles\n        WHERE identifier = ?\n        LIMIT 1\n\t\t [\"C748QDG4\"]) in 6.958ms'","module":"DBInterface","timestamp":"2025-12-09T03:38:04.757Z"}
{"level":"silly","message":{"data":[],"status":"ok"},"module":"events","timestamp":"2025-12-09T03:38:04.757Z"}
{"level":"info","message":"Executed query (\n        SELECT *\n        FROM npwd_twitter_profiles\n        WHERE identifier = ?\n        LIMIT 1\n\t\t [\"C748QDG4\"]) in 1.4657ms'","module":"DBInterface","timestamp":"2025-12-09T03:38:04.758Z"}
{"level":"info","message":"Creating default match profile TanvirAnjum Neon for C748QDG4","module":"match","timestamp":"2025-12-09T03:38:04.757Z"}
{"level":"info","message":"Executed query (SELECT * FROM npwd_phone_contacts WHERE identifier = ? ORDER BY display ASC [\"C748QDG4\"]) in 6.935ms'","module":"DBInterface","timestamp":"2025-12-09T03:38:04.758Z"}
{"level":"silly","message":"Response Promise Event npwd:getOrCreateTwitterProfile:cbc32e4d-1893-438b-93d6-840d9865222a (8.0702ms), Data >>","module":"events","timestamp":"2025-12-09T03:38:04.758Z"}
{"level":"silly","message":{"data":{"avatar_url":"https://i.fivemanage.com/images/3ClWwmpwkFhL.png","createdAt":"2025-12-09T03:38:04.000Z","id":8,"identifier":"C748QDG4","profile_name":"TanvirAnjum_Neon","updatedAt":"2025-12-09T03:38:04.000Z"},"status":"ok"},"module":"events","timestamp":"2025-12-09T03:38:04.758Z"}
{"level":"silly","message":"Response Promise Event npwd-contact-getAll:4adee158-eb45-4fc5-bca1-53427624c475 (7.1254ms), Data >>","module":"events","timestamp":"2025-12-09T03:38:04.758Z"}
{"level":"silly","message":{"data":[],"status":"ok"},"module":"events","timestamp":"2025-12-09T03:38:04.758Z"}
{"level":"info","message":"Executed query (\n        SELECT *,\n               UNIX_TIMESTAMP(updatedAt) AS lastActive\n        FROM npwd_match_profiles\n        WHERE identifier = ?\n        LIMIT 1\n\t\t [\"C748QDG4\"]) in 0.5108ms'","module":"DBInterface","timestamp":"2025-12-09T03:38:04.759Z"}
{"level":"silly","message":"Response Promise Event phone:getMyProfile:281424ba-c312-4fa5-86fa-8f573a2549d4 (9.8314ms), Data >>","module":"events","timestamp":"2025-12-09T03:38:04.760Z"}
{"level":"silly","message":{"data":{"bio":"","createdAt":"2025-12-09T03:38:04.000Z","id":3,"identifier":"C748QDG4","image":"https://upload.wikimedia.org/wikipedia/commons/a/ac/No_image_available.svg","job":"","lastActive":1765251484,"lastActiveFormatted":"Tue, 09 Dec 2025 03:38:04 GMT","location":"","name":"TanvirAnjum Neon","tagList":[],"tags":"","updatedAt":"2025-12-09T03:38:04.000Z","viewed":false,"voiceMessage":null},"status":"ok"},"module":"events","timestamp":"2025-12-09T03:38:04.760Z"}
{"level":"info","message":"Executed query (SELECT id FROM npwd_marketplace_listings WHERE identifier = ? [\"C748QDG4\"]) in 1.7993ms'","module":"DBInterface","timestamp":"2025-12-09T03:38:11.441Z"}
{"level":"info","message":"Executed query (DELETE FROM npwd_marketplace_listings WHERE identifier = ? AND reported = 0 [\"C748QDG4\"]) in 0.5847ms'","module":"DBInterface","timestamp":"2025-12-09T03:38:11.442Z"}
{"level":"info","message":"Unloaded NPWD Player, source: (1)","module":"player","timestamp":"2025-12-09T03:38:11.442Z"}
{"level":"debug","message":"Marketplace service started","module":"marketplace","timestamp":"2025-12-09T03:44:53.590Z"}
{"level":"debug","message":"Call service started","module":"calls","timestamp":"2025-12-09T03:44:53.591Z"}
{"level":"debug","message":"Player Service started","module":"player","timestamp":"2025-12-09T03:44:53.591Z"}
{"level":"info","message":"Loading QBX bridge....","timestamp":"2025-12-09T03:44:53.591Z"}
{"level":"info","message":"QBX bridge initialized","timestamp":"2025-12-09T03:44:53.591Z"}
{"level":"debug","message":"Boot service started","module":"boot","timestamp":"2025-12-09T03:44:53.592Z"}
{"level":"debug","message":"Messages service started","module":"messages","timestamp":"2025-12-09T03:44:53.592Z"}
{"level":"debug","message":"Notes service started","module":"notes","timestamp":"2025-12-09T03:44:53.592Z"}
{"level":"debug","message":"Contacts service started","module":"contact","timestamp":"2025-12-09T03:44:53.592Z"}
{"level":"debug","message":"Photo service started","module":"photo","timestamp":"2025-12-09T03:44:53.601Z"}
{"level":"debug","message":"Twitter service started","module":"twitter","timestamp":"2025-12-09T03:44:53.601Z"}
{"level":"debug","message":"Match service started","module":"match","timestamp":"2025-12-09T03:44:53.602Z"}
{"level":"debug","message":"Beginning database schema validation","module":"boot","timestamp":"2025-12-09T03:44:54.295Z"}
{"level":"info","message":"Successfully started","timestamp":"2025-12-09T03:44:54.303Z"}
{"level":"info","message":"Executed query (SELECT COUNT(*) as count\n                       FROM information_schema.tables\n                       WHERE table_schema = ?\n                         AND table_name = ? [\"qbox_231074\",\"players\"]) in 333.7542ms'","module":"DBInterface","timestamp":"2025-12-09T03:44:54.629Z"}
{"level":"info","message":"Executed query (SHOW COLUMNS IN players []) in 10.8605ms'","module":"DBInterface","timestamp":"2025-12-09T03:44:54.640Z"}
{"level":"debug","message":"Database schema successfully validated","module":"boot","timestamp":"2025-12-09T03:44:54.640Z"}
{"level":"debug","message":"Marketplace service started","module":"marketplace","timestamp":"2025-12-09T03:45:52.577Z"}
{"level":"debug","message":"Call service started","module":"calls","timestamp":"2025-12-09T03:45:52.578Z"}
{"level":"debug","message":"Player Service started","module":"player","timestamp":"2025-12-09T03:45:52.578Z"}
{"level":"info","message":"Loading QBX bridge....","timestamp":"2025-12-09T03:45:52.578Z"}
{"level":"info","message":"QBX bridge initialized","timestamp":"2025-12-09T03:45:52.578Z"}
{"level":"debug","message":"Boot service started","module":"boot","timestamp":"2025-12-09T03:45:52.578Z"}
{"level":"debug","message":"Messages service started","module":"messages","timestamp":"2025-12-09T03:45:52.578Z"}
{"level":"debug","message":"Notes service started","module":"notes","timestamp":"2025-12-09T03:45:52.578Z"}
{"level":"debug","message":"Contacts service started","module":"contact","timestamp":"2025-12-09T03:45:52.578Z"}
{"level":"debug","message":"Photo service started","module":"photo","timestamp":"2025-12-09T03:45:52.587Z"}
{"level":"debug","message":"Twitter service started","module":"twitter","timestamp":"2025-12-09T03:45:52.587Z"}
{"level":"debug","message":"Match service started","module":"match","timestamp":"2025-12-09T03:45:52.587Z"}
{"level":"debug","message":"Beginning database schema validation","module":"boot","timestamp":"2025-12-09T03:45:53.225Z"}
{"level":"info","message":"Successfully started","timestamp":"2025-12-09T03:45:53.234Z"}
{"level":"info","message":"Executed query (SELECT COUNT(*) as count\n                       FROM information_schema.tables\n                       WHERE table_schema = ?\n                         AND table_name = ? [\"qbox_231074\",\"players\"]) in 358.9137ms'","module":"DBInterface","timestamp":"2025-12-09T03:45:53.585Z"}
{"level":"info","message":"Executed query (SHOW COLUMNS IN players []) in 10.1821ms'","module":"DBInterface","timestamp":"2025-12-09T03:45:53.595Z"}
{"level":"debug","message":"Database schema successfully validated","module":"boot","timestamp":"2025-12-09T03:45:53.595Z"}
{"level":"info","message":"New NPWD Player added through event (1) (DWZ43T76)","module":"player","timestamp":"2025-12-09T03:47:11.024Z"}
{"level":"debug","message":{"_firstname":"Tanvir Anjum","_identifier":"DWZ43T76","_lastname":"Neon","_phoneNumber":"6028936142","source":1,"username":"DEV Dx"},"module":"player","timestamp":"2025-12-09T03:47:11.024Z"}
{"level":"info","message":"New NPWD Player added through event (1) (DWZ43T76)","module":"player","timestamp":"2025-12-09T03:47:11.026Z"}
{"level":"debug","message":{"_firstname":"Tanvir Anjum","_identifier":"DWZ43T76","_lastname":"Neon","_phoneNumber":"6028936142","source":1,"username":"DEV Dx"},"module":"player","timestamp":"2025-12-09T03:47:11.026Z"}
{"level":"silly","message":"netPromise > npwd:fetchTweets > RequestObj","module":"events","timestamp":"2025-12-09T03:47:11.086Z"}
{"level":"silly","message":{"data":{"pageId":0},"source":1},"module":"events","timestamp":"2025-12-09T03:47:11.086Z"}
{"level":"info","message":"Executed query (\n        SELECT *\n        FROM npwd_twitter_profiles\n        WHERE identifier = ?\n        LIMIT 1\n\t\t [\"DWZ43T76\"]) in 1.0267ms'","module":"DBInterface","timestamp":"2025-12-09T03:47:11.087Z"}
{"level":"warn","message":"Aborted fetching tweets for user DWZ43T76 because they do not have a profile.","module":"twitter","timestamp":"2025-12-09T03:47:11.087Z"}
{"level":"silly","message":"Response Promise Event npwd:fetchTweets:89d4df2e-7949-4cf1-885b-5959ebd9ede2 (1.7902ms), Data >>","module":"events","timestamp":"2025-12-09T03:47:11.087Z"}
{"level":"silly","message":{"data":[],"status":"ok"},"module":"events","timestamp":"2025-12-09T03:47:11.087Z"}
{"level":"silly","message":"netPromise > npwd:getOrCreateTwitterProfile > RequestObj","module":"events","timestamp":"2025-12-09T03:47:11.147Z"}
{"level":"silly","message":{"data":null,"source":1},"module":"events","timestamp":"2025-12-09T03:47:11.147Z"}
{"level":"silly","message":"netPromise > phone:getMyProfile > RequestObj","module":"events","timestamp":"2025-12-09T03:47:11.147Z"}
{"level":"silly","message":{"data":null,"source":1},"module":"events","timestamp":"2025-12-09T03:47:11.147Z"}
{"level":"silly","message":"netPromise > npwd:fetchMessageGroups > RequestObj","module":"events","timestamp":"2025-12-09T03:47:11.149Z"}
{"level":"silly","message":{"data":null,"source":1},"module":"events","timestamp":"2025-12-09T03:47:11.149Z"}
{"level":"silly","message":"netPromise > npwd-contact-getAll > RequestObj","module":"events","timestamp":"2025-12-09T03:47:11.150Z"}
{"level":"silly","message":{"data":null,"source":1},"module":"events","timestamp":"2025-12-09T03:47:11.150Z"}
{"level":"info","message":"Executed query (\n        SELECT *\n        FROM npwd_twitter_profiles\n        WHERE identifier = ?\n        LIMIT 1\n\t\t [\"DWZ43T76\"]) in 5.5042ms'","module":"DBInterface","timestamp":"2025-12-09T03:47:11.153Z"}
{"level":"info","message":"Creating default Twitter profile TanvirAnjum_Neon for DWZ43T76","module":"twitter","timestamp":"2025-12-09T03:47:11.153Z"}
{"level":"info","message":"Executed query (\n        SELECT *,\n               UNIX_TIMESTAMP(updatedAt) AS lastActive\n        FROM npwd_match_profiles\n        WHERE identifier = ?\n        LIMIT 1\n\t\t [\"DWZ43T76\"]) in 7.2313ms'","module":"DBInterface","timestamp":"2025-12-09T03:47:11.155Z"}
{"level":"info","message":"Creating default match profile TanvirAnjum Neon for DWZ43T76","module":"match","timestamp":"2025-12-09T03:47:11.155Z"}
{"level":"info","message":"Executed query (SELECT npwd_messages_conversations.id,\n                          npwd_messages_conversations.conversation_list         as conversationList,\n                          npwd_messages_participants.unread_count               as unreadCount,\n                          npwd_messages_conversations.is_group_chat             as isGroupChat,\n                          npwd_messages_conversations.label,\n                          UNIX_TIMESTAMP(npwd_messages_conversations.updatedAt) as updatedAt,\n                          npwd_messages_participants.participant\n                   FROM npwd_messages_conversations\n                            INNER JOIN npwd_messages_participants\n                                       on npwd_messages_conversations.id = npwd_messages_participants.conversation_id\n                   WHERE npwd_messages_participants.participant = ? [\"6028936142\"]) in 5.9354ms'","module":"DBInterface","timestamp":"2025-12-09T03:47:11.155Z"}
{"level":"info","message":"Executed query (SELECT * FROM npwd_phone_contacts WHERE identifier = ? ORDER BY display ASC [\"DWZ43T76\"]) in 5.8614ms'","module":"DBInterface","timestamp":"2025-12-09T03:47:11.156Z"}
{"level":"info","message":"Executed query (\n        SELECT *\n        FROM npwd_twitter_profiles\n        WHERE identifier = ?\n        LIMIT 1\n\t\t [\"DWZ43T76\"]) in 1.8125ms'","module":"DBInterface","timestamp":"2025-12-09T03:47:11.156Z"}
{"level":"silly","message":"Response Promise Event npwd:fetchMessageGroups:7043ac4d-dc97-4b7c-b9cb-23c2c6c19293 (6.1873ms), Data >>","module":"events","timestamp":"2025-12-09T03:47:11.155Z"}
{"level":"silly","message":{"data":[],"status":"ok"},"module":"events","timestamp":"2025-12-09T03:47:11.156Z"}
{"level":"silly","message":"Response Promise Event npwd-contact-getAll:6c2e1845-67bb-4dfc-abaf-86e662880ff0 (6.0585ms), Data >>","module":"events","timestamp":"2025-12-09T03:47:11.156Z"}
{"level":"silly","message":{"data":[],"status":"ok"},"module":"events","timestamp":"2025-12-09T03:47:11.156Z"}
{"level":"silly","message":"Response Promise Event npwd:getOrCreateTwitterProfile:d9890a9e-cbc5-440a-bc8b-81fc7a58301f (9.6338ms), Data >>","module":"events","timestamp":"2025-12-09T03:47:11.156Z"}
{"level":"silly","message":{"data":{"avatar_url":"https://i.fivemanage.com/images/3ClWwmpwkFhL.png","createdAt":"2025-12-09T03:47:11.000Z","id":9,"identifier":"DWZ43T76","profile_name":"TanvirAnjum_Neon","updatedAt":"2025-12-09T03:47:11.000Z"},"status":"ok"},"module":"events","timestamp":"2025-12-09T03:47:11.156Z"}
{"level":"info","message":"Executed query (\n        SELECT *,\n               UNIX_TIMESTAMP(updatedAt) AS lastActive\n        FROM npwd_match_profiles\n        WHERE identifier = ?\n        LIMIT 1\n\t\t [\"DWZ43T76\"]) in 0.3681ms'","module":"DBInterface","timestamp":"2025-12-09T03:47:11.158Z"}
{"level":"silly","message":"Response Promise Event phone:getMyProfile:9cf97100-b73d-471d-b4ea-afad4c60f11d (10.7295ms), Data >>","module":"events","timestamp":"2025-12-09T03:47:11.158Z"}
{"level":"silly","message":{"data":{"bio":"","createdAt":"2025-12-09T03:47:11.000Z","id":4,"identifier":"DWZ43T76","image":"https://upload.wikimedia.org/wikipedia/commons/a/ac/No_image_available.svg","job":"","lastActive":1765252031,"lastActiveFormatted":"Tue, 09 Dec 2025 03:47:11 GMT","location":"","name":"TanvirAnjum Neon","tagList":[],"tags":"","updatedAt":"2025-12-09T03:47:11.000Z","viewed":false,"voiceMessage":null},"status":"ok"},"module":"events","timestamp":"2025-12-09T03:47:11.158Z"}
{"level":"silly","message":"netPromise > npwd:fetchCalls > RequestObj","module":"events","timestamp":"2025-12-09T03:50:43.122Z"}
{"level":"silly","message":{"data":null,"source":1},"module":"events","timestamp":"2025-12-09T03:50:43.122Z"}
{"level":"info","message":"Executed query (SELECT * FROM npwd_calls WHERE receiver = ? OR transmitter = ? ORDER BY id DESC LIMIT ? [\"6028936142\",\"6028936142\",\"50\"]) in 1.2407ms'","module":"DBInterface","timestamp":"2025-12-09T03:50:43.123Z"}
{"level":"silly","message":"Response Promise Event npwd:fetchCalls:b8290668-8339-44df-8e86-60097b09055f (1.748ms), Data >>","module":"events","timestamp":"2025-12-09T03:50:43.123Z"}
{"level":"silly","message":{"data":[],"status":"ok"},"module":"events","timestamp":"2025-12-09T03:50:43.123Z"}
{"level":"silly","message":"netPromise > npwd:localShareContact > RequestObj","module":"events","timestamp":"2025-12-09T03:50:49.000Z"}
{"level":"silly","message":{"data":null,"source":1},"module":"events","timestamp":"2025-12-09T03:50:49.001Z"}
{"level":"silly","message":"Response Promise Event npwd:localShareContact:b4397cf8-7670-4348-afe3-86f93ab4b1fe (0.5288ms), Data >>","module":"events","timestamp":"2025-12-09T03:50:49.001Z"}
{"level":"silly","message":{"status":"ok"},"module":"events","timestamp":"2025-12-09T03:50:49.001Z"}
{"level":"silly","message":"netPromise > npwd:localShareContact > RequestObj","module":"events","timestamp":"2025-12-09T03:50:50.180Z"}
{"level":"silly","message":{"data":null,"source":1},"module":"events","timestamp":"2025-12-09T03:50:50.180Z"}
{"level":"silly","message":"Response Promise Event npwd:localShareContact:009486b0-c50e-460f-a3f0-1b72c5ea0e7a (0.2479ms), Data >>","module":"events","timestamp":"2025-12-09T03:50:50.180Z"}
{"level":"silly","message":{"status":"ok"},"module":"events","timestamp":"2025-12-09T03:50:50.180Z"}
{"level":"silly","message":"netPromise > npwd:darkchatFetchChannels > RequestObj","module":"events","timestamp":"2025-12-09T03:51:18.821Z"}
{"level":"silly","message":{"data":null,"source":1},"module":"events","timestamp":"2025-12-09T03:51:18.821Z"}
{"level":"info","message":"Executed query (SELECT npwd_darkchat_channels.id,\n                          npwd_darkchat_channels.channel_identifier AS identifier,\n                          npwd_darkchat_channels.label\n                   FROM npwd_darkchat_channels\n                            LEFT JOIN npwd_darkchat_channel_members\n                                      on npwd_darkchat_channels.id = npwd_darkchat_channel_members.channel_id\n                   WHERE npwd_darkchat_channel_members.user_identifier = ? [\"DWZ43T76\"]) in 1.2693ms'","module":"DBInterface","timestamp":"2025-12-09T03:51:18.823Z"}
{"level":"silly","message":"Response Promise Event npwd:darkchatFetchChannels:4293e222-d95b-4bc9-8769-febc73c1c332 (1.9852ms), Data >>","module":"events","timestamp":"2025-12-09T03:51:18.823Z"}
{"level":"silly","message":{"data":[],"status":"ok"},"module":"events","timestamp":"2025-12-09T03:51:18.823Z"}
{"level":"silly","message":"netPromise > phone:getMatchProfiles > RequestObj","module":"events","timestamp":"2025-12-09T03:52:01.375Z"}
{"level":"silly","message":{"data":null,"source":1},"module":"events","timestamp":"2025-12-09T03:52:01.375Z"}
{"level":"info","message":"Executed query (\n        SELECT npwd_match_profiles.*,\n               UNIX_TIMESTAMP(npwd_match_profiles.updatedAt) AS lastActive,\n               MaxDates.lastSeen,\n               MaxDates.liked\n        FROM npwd_match_profiles\n                 LEFT OUTER JOIN (\n            SELECT id, profile, liked, MAX(createdAt) AS lastSeen\n            FROM npwd_match_views\n            WHERE identifier = ?\n            GROUP BY id, profile, liked\n        ) AS MaxDates ON npwd_match_profiles.id = MaxDates.profile\n        WHERE npwd_match_profiles.identifier != ?\n          AND (MaxDates.lastSeen IS NULL OR MaxDates.lastSeen < NOW() - INTERVAL 7 DAY)\n          AND MaxDates.liked IS NULL\n        ORDER BY npwd_match_profiles.updatedAt DESC\n        LIMIT 25\n\t\t [\"DWZ43T76\",\"DWZ43T76\"]) in 2.7827ms'","module":"DBInterface","timestamp":"2025-12-09T03:52:01.378Z"}
{"level":"silly","message":"Response Promise Event phone:getMatchProfiles:72c1cf7f-f49b-4a31-a277-c935582c440b (3.5373ms), Data >>","module":"events","timestamp":"2025-12-09T03:52:01.378Z"}
{"level":"silly","message":{"data":[{"bio":"","createdAt":"2025-12-09T02:20:07.000Z","id":2,"identifier":"U4N41JY0","image":"https://upload.wikimedia.org/wikipedia/commons/a/ac/No_image_available.svg","job":"","lastActive":1765246807,"lastActiveFormatted":"Tue, 09 Dec 2025 02:20:07 GMT","lastSeen":null,"liked":null,"location":"","name":"Mr Dx","tagList":[],"tags":"","updatedAt":"2025-12-09T02:20:07.000Z","viewed":false,"voiceMessage":null},{"bio":"","createdAt":"2025-11-23T15:09:34.000Z","id":1,"identifier":"P27MZ277","image":"https://upload.wikimedia.org/wikipedia/commons/a/ac/No_image_available.svg","job":"","lastActive":1763910574,"lastActiveFormatted":"Sun, 23 Nov 2025 15:09:34 GMT","lastSeen":null,"liked":null,"location":"","name":"Mr Dx","tagList":[],"tags":"","updatedAt":"2025-11-23T15:09:34.000Z","viewed":false,"voiceMessage":null}],"status":"ok"},"module":"events","timestamp":"2025-12-09T03:52:01.379Z"}
{"level":"silly","message":"netPromise > npwd:createTweet > RequestObj","module":"events","timestamp":"2025-12-09T03:52:11.780Z"}
{"level":"silly","message":{"data":{"images":"","message":"hi","retweet":null},"source":1},"module":"events","timestamp":"2025-12-09T03:52:11.780Z"}
{"level":"info","message":"Executed query (\n        SELECT *\n        FROM npwd_twitter_profiles\n        WHERE identifier = ?\n        LIMIT 1\n\t\t [\"DWZ43T76\"]) in 0.9459ms'","module":"DBInterface","timestamp":"2025-12-09T03:52:11.782Z"}
{"level":"info","message":"Executed query (\n        INSERT INTO npwd_twitter_tweets (identifier, message, images, retweet, profile_id)\n        VALUES (?, ?, ?, ?, ?)\n\t\t [\"DWZ43T76\",\"hi\",\"\",null,9]) in 1.062ms'","module":"DBInterface","timestamp":"2025-12-09T03:52:11.783Z"}
{"level":"info","message":"Executed query (\n        SELECT \n  npwd_twitter_tweets.id,\n  npwd_twitter_tweets.identifier,\n  npwd_twitter_profiles.id AS profile_id,\n  npwd_twitter_profiles.profile_name,\n  npwd_twitter_profiles.avatar_url,\n  npwd_twitter_tweets.likes,\n  npwd_twitter_tweets.visible,\n  IFNULL(COALESCE(retweets.message, npwd_twitter_tweets.message), '') AS message,\n  IFNULL(COALESCE(retweets.images, npwd_twitter_tweets.images), '') AS images,\n  npwd_twitter_tweets.retweet IS NOT NULL AS isRetweet,\n  retweets.id AS retweetId,\n  retweets_profiles.profile_name AS retweetProfileName,\n  retweets_profiles.avatar_url AS retweetAvatarUrl,\n  npwd_twitter_likes.id IS NOT NULL AS isLiked,\n  npwd_twitter_reports.id IS NOT NULL AS isReported,\n  npwd_twitter_tweets.createdAt,\n  npwd_twitter_tweets.updatedAt,\n  TIME_TO_SEC(TIMEDIFF( NOW(), npwd_twitter_tweets.createdAt)) AS seconds_since_tweet\n\n        FROM npwd_twitter_tweets\n                 LEFT OUTER JOIN npwd_twitter_likes ON npwd_twitter_tweets.id = npwd_twitter_likes.tweet_id AND\n                                                       npwd_twitter_likes.profile_id = ?\n                 LEFT OUTER JOIN npwd_twitter_reports ON npwd_twitter_tweets.id = npwd_twitter_reports.tweet_id AND\n                                                         npwd_twitter_reports.profile_id = ?\n                 LEFT OUTER JOIN npwd_twitter_tweets AS retweets ON retweets.id = npwd_twitter_tweets.retweet\n                 LEFT OUTER JOIN npwd_twitter_profiles AS retweets_profiles\n                                 ON retweets.identifier = retweets_profiles.identifier\n                 LEFT OUTER JOIN npwd_twitter_profiles\n                                 ON npwd_twitter_tweets.identifier = npwd_twitter_profiles.identifier\n        WHERE npwd_twitter_tweets.id = ?\n\t\t [9,9,1]) in 1.7275ms'","module":"DBInterface","timestamp":"2025-12-09T03:52:11.785Z"}
{"level":"silly","message":"Response Promise Event npwd:createTweet:e84eec2e-504d-4323-a6a7-03fa012b668c (4.7053ms), Data >>","module":"events","timestamp":"2025-12-09T03:52:11.785Z"}
{"level":"silly","message":{"status":"ok"},"module":"events","timestamp":"2025-12-09T03:52:11.785Z"}
{"level":"silly","message":"netPromise > npwd:createTweet > RequestObj","module":"events","timestamp":"2025-12-09T03:52:16.167Z"}
{"level":"silly","message":{"data":{"images":"","message":"Hello","retweet":null},"source":1},"module":"events","timestamp":"2025-12-09T03:52:16.168Z"}
{"level":"info","message":"Executed query (\n        SELECT *\n        FROM npwd_twitter_profiles\n        WHERE identifier = ?\n        LIMIT 1\n\t\t [\"DWZ43T76\"]) in 0.7914ms'","module":"DBInterface","timestamp":"2025-12-09T03:52:16.169Z"}
{"level":"info","message":"Executed query (\n        INSERT INTO npwd_twitter_tweets (identifier, message, images, retweet, profile_id)\n        VALUES (?, ?, ?, ?, ?)\n\t\t [\"DWZ43T76\",\"Hello\",\"\",null,9]) in 0.8383ms'","module":"DBInterface","timestamp":"2025-12-09T03:52:16.169Z"}
{"level":"info","message":"Executed query (\n        SELECT \n  npwd_twitter_tweets.id,\n  npwd_twitter_tweets.identifier,\n  npwd_twitter_profiles.id AS profile_id,\n  npwd_twitter_profiles.profile_name,\n  npwd_twitter_profiles.avatar_url,\n  npwd_twitter_tweets.likes,\n  npwd_twitter_tweets.visible,\n  IFNULL(COALESCE(retweets.message, npwd_twitter_tweets.message), '') AS message,\n  IFNULL(COALESCE(retweets.images, npwd_twitter_tweets.images), '') AS images,\n  npwd_twitter_tweets.retweet IS NOT NULL AS isRetweet,\n  retweets.id AS retweetId,\n  retweets_profiles.profile_name AS retweetProfileName,\n  retweets_profiles.avatar_url AS retweetAvatarUrl,\n  npwd_twitter_likes.id IS NOT NULL AS isLiked,\n  npwd_twitter_reports.id IS NOT NULL AS isReported,\n  npwd_twitter_tweets.createdAt,\n  npwd_twitter_tweets.updatedAt,\n  TIME_TO_SEC(TIMEDIFF( NOW(), npwd_twitter_tweets.createdAt)) AS seconds_since_tweet\n\n        FROM npwd_twitter_tweets\n                 LEFT OUTER JOIN npwd_twitter_likes ON npwd_twitter_tweets.id = npwd_twitter_likes.tweet_id AND\n                                                       npwd_twitter_likes.profile_id = ?\n                 LEFT OUTER JOIN npwd_twitter_reports ON npwd_twitter_tweets.id = npwd_twitter_reports.tweet_id AND\n                                                         npwd_twitter_reports.profile_id = ?\n                 LEFT OUTER JOIN npwd_twitter_tweets AS retweets ON retweets.id = npwd_twitter_tweets.retweet\n                 LEFT OUTER JOIN npwd_twitter_profiles AS retweets_profiles\n                                 ON retweets.identifier = retweets_profiles.identifier\n                 LEFT OUTER JOIN npwd_twitter_profiles\n                                 ON npwd_twitter_tweets.identifier = npwd_twitter_profiles.identifier\n        WHERE npwd_twitter_tweets.id = ?\n\t\t [9,9,2]) in 0.5255ms'","module":"DBInterface","timestamp":"2025-12-09T03:52:16.170Z"}
{"level":"silly","message":"Response Promise Event npwd:createTweet:a9ccf686-3e2a-45b6-b487-77a81e6190ff (2.7491ms), Data >>","module":"events","timestamp":"2025-12-09T03:52:16.170Z"}
{"level":"silly","message":{"status":"ok"},"module":"events","timestamp":"2025-12-09T03:52:16.170Z"}
{"level":"silly","message":"netPromise > npwd:fetchAllListings > RequestObj","module":"events","timestamp":"2025-12-09T03:52:18.565Z"}
{"level":"silly","message":{"data":null,"source":1},"module":"events","timestamp":"2025-12-09T03:52:18.565Z"}
{"level":"info","message":"Executed query (SELECT * FROM npwd_marketplace_listings WHERE reported = 0 ORDER BY id DESC []) in 0.9149ms'","module":"DBInterface","timestamp":"2025-12-09T03:52:18.566Z"}
{"level":"silly","message":"Response Promise Event npwd:fetchAllListings:827e4e15-3cef-4ff9-84d5-61f1f9c9dc1b (1.328ms), Data >>","module":"events","timestamp":"2025-12-09T03:52:18.566Z"}
{"level":"silly","message":{"data":[],"status":"ok"},"module":"events","timestamp":"2025-12-09T03:52:18.566Z"}
{"level":"silly","message":"netPromise > npwd:addListing > RequestObj","module":"events","timestamp":"2025-12-09T03:52:52.177Z"}
{"level":"silly","message":{"data":{"description":"128GB Pendrive","title":"Pendrive","url":"https://assets.gadgetandgear.com/upload/product/20190831_1567255367_772803.jpeg"},"source":1},"module":"events","timestamp":"2025-12-09T03:52:52.177Z"}
{"level":"debug","message":"Handling add listing, listing:","module":"marketplace","timestamp":"2025-12-09T03:52:52.178Z"}
{"level":"debug","message":{"description":"128GB Pendrive","title":"Pendrive","url":"https://assets.gadgetandgear.com/upload/product/20190831_1567255367_772803.jpeg"},"module":"marketplace","timestamp":"2025-12-09T03:52:52.178Z"}
{"level":"info","message":"Executed query (SELECT * FROM npwd_marketplace_listings WHERE title = ? AND identifier = ? [\"Pendrive\",\"DWZ43T76\"]) in 1.0687ms'","module":"DBInterface","timestamp":"2025-12-09T03:52:52.179Z"}
{"level":"silly","message":"Response Promise Event npwd:addListing:a7fcc9d5-7b35-4d0f-8849-3f0c02256d8d (2.2654ms), Data >>","module":"events","timestamp":"2025-12-09T03:52:52.179Z"}
{"level":"silly","message":{"errorMsg":"GENERIC_INVALID_IMAGE_HOST","status":"error"},"module":"events","timestamp":"2025-12-09T03:52:52.179Z"}
{"level":"silly","message":"netPromise > npwd:addListing > RequestObj","module":"events","timestamp":"2025-12-09T03:53:05.072Z"}
{"level":"silly","message":{"data":{"description":"128GB Pendrive","title":"Pendrive","url":"https://www.ryans.com/storage/products/main/adata-uv128-64gb-black-blue-usb-32-pen-21577014443.webp"},"source":1},"module":"events","timestamp":"2025-12-09T03:53:05.072Z"}
{"level":"debug","message":"Handling add listing, listing:","module":"marketplace","timestamp":"2025-12-09T03:53:05.072Z"}
{"level":"debug","message":{"description":"128GB Pendrive","title":"Pendrive","url":"https://www.ryans.com/storage/products/main/adata-uv128-64gb-black-blue-usb-32-pen-21577014443.webp"},"module":"marketplace","timestamp":"2025-12-09T03:53:05.072Z"}
{"level":"info","message":"Executed query (SELECT * FROM npwd_marketplace_listings WHERE title = ? AND identifier = ? [\"Pendrive\",\"DWZ43T76\"]) in 0.8733ms'","module":"DBInterface","timestamp":"2025-12-09T03:53:05.073Z"}
{"level":"silly","message":"Response Promise Event npwd:addListing:c383f02c-a2f4-4adc-b07b-3ae760384013 (1.4668ms), Data >>","module":"events","timestamp":"2025-12-09T03:53:05.074Z"}
{"level":"silly","message":{"errorMsg":"GENERIC_INVALID_IMAGE_HOST","status":"error"},"module":"events","timestamp":"2025-12-09T03:53:05.074Z"}
{"level":"silly","message":"netPromise > npwd:addListing > RequestObj","module":"events","timestamp":"2025-12-09T03:53:51.213Z"}
{"level":"silly","message":{"data":{"description":"128GB Pendrive","title":"Pendrive","url":"https://r2.fivemanage.com/w4aVvxe5Gx1fmKRNTBqw3/pendrive.png"},"source":1},"module":"events","timestamp":"2025-12-09T03:53:51.213Z"}
{"level":"debug","message":"Handling add listing, listing:","module":"marketplace","timestamp":"2025-12-09T03:53:51.213Z"}
{"level":"debug","message":{"description":"128GB Pendrive","title":"Pendrive","url":"https://r2.fivemanage.com/w4aVvxe5Gx1fmKRNTBqw3/pendrive.png"},"module":"marketplace","timestamp":"2025-12-09T03:53:51.213Z"}
{"level":"info","message":"Executed query (SELECT * FROM npwd_marketplace_listings WHERE title = ? AND identifier = ? [\"Pendrive\",\"DWZ43T76\"]) in 0.97ms'","module":"DBInterface","timestamp":"2025-12-09T03:53:51.214Z"}
{"level":"info","message":"Executed query (INSERT INTO npwd_marketplace_listings (identifier, username, name, number, title, url, description) VALUES (?, ?, ?, ?, ?, ?, ?) [\"DWZ43T76\",\"DEV Dx\",\"Tanvir Anjum Neon\",\"6028936142\",\"Pendrive\",\"https://r2.fivemanage.com/w4aVvxe5Gx1fmKRNTBqw3/pendrive.png\",\"128GB Pendrive\"]) in 0.9932ms'","module":"DBInterface","timestamp":"2025-12-09T03:53:51.216Z"}
{"level":"silly","message":"Response Promise Event npwd:addListing:a5bc2d9d-451a-4afd-a890-06c31b20f5b6 (2.5505ms), Data >>","module":"events","timestamp":"2025-12-09T03:53:51.216Z"}
{"level":"silly","message":{"status":"ok"},"module":"events","timestamp":"2025-12-09T03:53:51.216Z"}
{"level":"silly","message":"netPromise > npwd:fetchAllNotes > RequestObj","module":"events","timestamp":"2025-12-09T03:53:58.975Z"}
{"level":"silly","message":{"data":null,"source":1},"module":"events","timestamp":"2025-12-09T03:53:58.975Z"}
{"level":"info","message":"Executed query (SELECT * FROM npwd_notes WHERE identifier = ? ORDER BY id DESC [\"DWZ43T76\"]) in 1.1691ms'","module":"DBInterface","timestamp":"2025-12-09T03:53:58.977Z"}
{"level":"silly","message":"Response Promise Event npwd:fetchAllNotes:626ef096-990f-4e97-8092-083260334beb (1.5803ms), Data >>","module":"events","timestamp":"2025-12-09T03:53:58.977Z"}
{"level":"silly","message":{"data":[],"status":"ok"},"module":"events","timestamp":"2025-12-09T03:53:58.977Z"}
{"level":"silly","message":"netPromise > npwd:addNote > RequestObj","module":"events","timestamp":"2025-12-09T03:54:12.746Z"}
{"level":"silly","message":{"data":{"content":"Hellllllll","title":"Inportent Note"},"source":1},"module":"events","timestamp":"2025-12-09T03:54:12.747Z"}
{"level":"debug","message":"Handling add note, note:","module":"notes","timestamp":"2025-12-09T03:54:12.747Z"}
{"level":"debug","message":{"content":"Hellllllll","title":"Inportent Note"},"module":"notes","timestamp":"2025-12-09T03:54:12.747Z"}
{"level":"info","message":"Executed query (INSERT INTO npwd_notes (identifier, title, content) VALUES (?, ?, ?) [\"DWZ43T76\",\"Inportent Note\",\"Hellllllll\"]) in 1.2186ms'","module":"DBInterface","timestamp":"2025-12-09T03:54:12.748Z"}
{"level":"silly","message":"Response Promise Event npwd:addNote:b3139294-0623-42d7-bd45-f2ff38ff6167 (1.8849ms), Data >>","module":"events","timestamp":"2025-12-09T03:54:12.748Z"}
{"level":"silly","message":{"data":{"content":"Hellllllll","id":1,"title":"Inportent Note"},"status":"ok"},"module":"events","timestamp":"2025-12-09T03:54:12.748Z"}
{"level":"silly","message":"netPromise > npwd:FetchPhotos > RequestObj","module":"events","timestamp":"2025-12-09T03:54:19.491Z"}
{"level":"silly","message":{"data":null,"source":1},"module":"events","timestamp":"2025-12-09T03:54:19.491Z"}
{"level":"info","message":"Executed query (SELECT id, image FROM npwd_phone_gallery WHERE identifier = ? ORDER BY id DESC [\"DWZ43T76\"]) in 0.9007ms'","module":"DBInterface","timestamp":"2025-12-09T03:54:19.492Z"}
{"level":"silly","message":"Response Promise Event npwd:FetchPhotos:bfae5751-9c52-4e47-a838-8cd290505ae7 (1.3599ms), Data >>","module":"events","timestamp":"2025-12-09T03:54:19.493Z"}
{"level":"silly","message":{"data":[],"status":"ok"},"module":"events","timestamp":"2025-12-09T03:54:19.493Z"}
{"level":"silly","message":"netPromise > npwd:UploadPhoto > RequestObj","module":"events","timestamp":"2025-12-09T03:54:25.880Z"}
{"level":"silly","message":{"source":1},"module":"events","timestamp":"2025-12-09T03:54:25.880Z"}
{"level":"error","message":"Could not find upload token for photos!","module":"photo","timestamp":"2025-12-09T03:54:25.880Z"}
{"level":"error","message":"For more information: https://projecterror.dev/docs/npwd/start/installation/#setting-up-camera-functionality","module":"photo","timestamp":"2025-12-09T03:54:25.880Z"}
{"level":"silly","message":"Response Promise Event npwd:UploadPhoto:39c95a05-96ff-4ce3-8165-6a96fb11f0f1 (0.8575ms), Data >>","module":"events","timestamp":"2025-12-09T03:54:25.880Z"}
{"level":"silly","message":{"errorMsg":"No upload token found!","status":"error"},"module":"events","timestamp":"2025-12-09T03:54:25.880Z"}
{"level":"info","message":"Executed query (SELECT id FROM npwd_marketplace_listings WHERE identifier = ? [\"DWZ43T76\"]) in 2.6544ms'","module":"DBInterface","timestamp":"2025-12-09T04:10:19.361Z"}
{"level":"info","message":"Executed query (DELETE FROM npwd_marketplace_listings WHERE identifier = ? AND reported = 0 [\"DWZ43T76\"]) in 1.0491ms'","module":"DBInterface","timestamp":"2025-12-09T04:10:19.362Z"}
{"level":"info","message":"Unloaded NPWD Player, source: (1)","module":"player","timestamp":"2025-12-09T04:10:19.362Z"}
{"level":"debug","message":"Marketplace service started","module":"marketplace","timestamp":"2025-12-09T04:11:03.759Z"}
{"level":"debug","message":"Call service started","module":"calls","timestamp":"2025-12-09T04:11:03.760Z"}
{"level":"debug","message":"Player Service started","module":"player","timestamp":"2025-12-09T04:11:03.760Z"}
{"level":"info","message":"Loading QBX bridge....","timestamp":"2025-12-09T04:11:03.760Z"}
{"level":"info","message":"QBX bridge initialized","timestamp":"2025-12-09T04:11:03.760Z"}
{"level":"debug","message":"Boot service started","module":"boot","timestamp":"2025-12-09T04:11:03.760Z"}
{"level":"debug","message":"Messages service started","module":"messages","timestamp":"2025-12-09T04:11:03.760Z"}
{"level":"debug","message":"Notes service started","module":"notes","timestamp":"2025-12-09T04:11:03.760Z"}
{"level":"debug","message":"Contacts service started","module":"contact","timestamp":"2025-12-09T04:11:03.761Z"}
{"level":"debug","message":"Photo service started","module":"photo","timestamp":"2025-12-09T04:11:03.768Z"}
{"level":"debug","message":"Twitter service started","module":"twitter","timestamp":"2025-12-09T04:11:03.768Z"}
{"level":"debug","message":"Match service started","module":"match","timestamp":"2025-12-09T04:11:03.768Z"}
{"level":"debug","message":"Beginning database schema validation","module":"boot","timestamp":"2025-12-09T04:11:22.246Z"}
{"level":"info","message":"Successfully started","timestamp":"2025-12-09T04:11:22.255Z"}
{"level":"info","message":"Executed query (SELECT COUNT(*) as count\n                       FROM information_schema.tables\n                       WHERE table_schema = ?\n                         AND table_name = ? [\"qbox_231074\",\"players\"]) in 425.369ms'","module":"DBInterface","timestamp":"2025-12-09T04:11:22.671Z"}
{"level":"info","message":"Executed query (SHOW COLUMNS IN players []) in 11.1536ms'","module":"DBInterface","timestamp":"2025-12-09T04:11:22.683Z"}
{"level":"debug","message":"Database schema successfully validated","module":"boot","timestamp":"2025-12-09T04:11:22.683Z"}
{"level":"info","message":"New NPWD Player added through event (1) (DWZ43T76)","module":"player","timestamp":"2025-12-09T04:12:37.628Z"}
{"level":"debug","message":{"_firstname":"Tanvir Anjum","_identifier":"DWZ43T76","_lastname":"Neon","_phoneNumber":"6028936142","source":1,"username":"DEV Dx"},"module":"player","timestamp":"2025-12-09T04:12:37.628Z"}
{"level":"info","message":"New NPWD Player added through event (1) (DWZ43T76)","module":"player","timestamp":"2025-12-09T04:12:37.630Z"}
{"level":"debug","message":{"_firstname":"Tanvir Anjum","_identifier":"DWZ43T76","_lastname":"Neon","_phoneNumber":"6028936142","source":1,"username":"DEV Dx"},"module":"player","timestamp":"2025-12-09T04:12:37.630Z"}
{"level":"silly","message":"netPromise > npwd:fetchTweets > RequestObj","module":"events","timestamp":"2025-12-09T04:12:37.754Z"}
{"level":"silly","message":{"data":{"pageId":0},"source":1},"module":"events","timestamp":"2025-12-09T04:12:37.754Z"}
{"level":"info","message":"Executed query (\n        SELECT *\n        FROM npwd_twitter_profiles\n        WHERE identifier = ?\n        LIMIT 1\n\t\t [\"DWZ43T76\"]) in 2.0689ms'","module":"DBInterface","timestamp":"2025-12-09T04:12:37.756Z"}
{"level":"info","message":"Executed query (\n        SELECT \n  npwd_twitter_tweets.id,\n  npwd_twitter_tweets.identifier,\n  npwd_twitter_profiles.id AS profile_id,\n  npwd_twitter_profiles.profile_name,\n  npwd_twitter_profiles.avatar_url,\n  npwd_twitter_tweets.likes,\n  npwd_twitter_tweets.visible,\n  IFNULL(COALESCE(retweets.message, npwd_twitter_tweets.message), '') AS message,\n  IFNULL(COALESCE(retweets.images, npwd_twitter_tweets.images), '') AS images,\n  npwd_twitter_tweets.retweet IS NOT NULL AS isRetweet,\n  retweets.id AS retweetId,\n  retweets_profiles.profile_name AS retweetProfileName,\n  retweets_profiles.avatar_url AS retweetAvatarUrl,\n  npwd_twitter_likes.id IS NOT NULL AS isLiked,\n  npwd_twitter_reports.id IS NOT NULL AS isReported,\n  npwd_twitter_tweets.createdAt,\n  npwd_twitter_tweets.updatedAt,\n  TIME_TO_SEC(TIMEDIFF( NOW(), npwd_twitter_tweets.createdAt)) AS seconds_since_tweet\n\n        FROM npwd_twitter_tweets\n                 LEFT OUTER JOIN npwd_twitter_profiles\n                                 ON npwd_twitter_tweets.identifier = npwd_twitter_profiles.identifier\n                 LEFT OUTER JOIN npwd_twitter_likes ON npwd_twitter_tweets.id = npwd_twitter_likes.tweet_id AND\n                                                       npwd_twitter_likes.profile_id = ?\n                 LEFT OUTER JOIN npwd_twitter_reports ON npwd_twitter_tweets.id = npwd_twitter_reports.tweet_id AND\n                                                         npwd_twitter_reports.profile_id = ?\n                 LEFT OUTER JOIN npwd_twitter_tweets AS retweets ON retweets.id = npwd_twitter_tweets.retweet\n                 LEFT OUTER JOIN npwd_twitter_profiles AS retweets_profiles\n                                 ON retweets.identifier = retweets_profiles.identifier\n        WHERE npwd_twitter_tweets.visible = 1\n        ORDER BY id DESC\n        LIMIT ? OFFSET ?\n\t\t [9,9,\"25\",\"0\"]) in 2.3109ms'","module":"DBInterface","timestamp":"2025-12-09T04:12:37.759Z"}
{"level":"silly","message":"Response Promise Event npwd:fetchTweets:43e0d9df-b47f-44b3-89ce-81ef7a01ab97 (5.032ms), Data >>","module":"events","timestamp":"2025-12-09T04:12:37.759Z"}
{"level":"silly","message":{"data":[{"avatar_url":"https://i.fivemanage.com/images/3ClWwmpwkFhL.png","createdAt":"2025-12-09T03:52:16.000Z","id":2,"identifier":"DWZ43T76","images":"","isLiked":0,"isMine":true,"isReported":0,"isRetweet":false,"likes":0,"message":"Hello","profile_id":9,"profile_name":"TanvirAnjum_Neon","retweetAvatarUrl":null,"retweetId":null,"retweetProfileName":null,"seconds_since_tweet":1221,"updatedAt":"2025-12-09T03:52:16.000Z","visible":1},{"avatar_url":"https://i.fivemanage.com/images/3ClWwmpwkFhL.png","createdAt":"2025-12-09T03:52:11.000Z","id":1,"identifier":"DWZ43T76","images":"","isLiked":0,"isMine":true,"isReported":0,"isRetweet":false,"likes":0,"message":"hi","profile_id":9,"profile_name":"TanvirAnjum_Neon","retweetAvatarUrl":null,"retweetId":null,"retweetProfileName":null,"seconds_since_tweet":1226,"updatedAt":"2025-12-09T03:52:11.000Z","visible":1}],"status":"ok"},"module":"events","timestamp":"2025-12-09T04:12:37.759Z"}
{"level":"silly","message":"netPromise > npwd:getOrCreateTwitterProfile > RequestObj","module":"events","timestamp":"2025-12-09T04:12:37.816Z"}
{"level":"silly","message":{"data":null,"source":1},"module":"events","timestamp":"2025-12-09T04:12:37.816Z"}
{"level":"silly","message":"netPromise > phone:getMyProfile > RequestObj","module":"events","timestamp":"2025-12-09T04:12:37.817Z"}
{"level":"silly","message":{"data":null,"source":1},"module":"events","timestamp":"2025-12-09T04:12:37.817Z"}
{"level":"silly","message":"netPromise > npwd:fetchMessageGroups > RequestObj","module":"events","timestamp":"2025-12-09T04:12:37.818Z"}
{"level":"silly","message":{"data":null,"source":1},"module":"events","timestamp":"2025-12-09T04:12:37.818Z"}
{"level":"silly","message":"netPromise > npwd-contact-getAll > RequestObj","module":"events","timestamp":"2025-12-09T04:12:37.819Z"}
{"level":"silly","message":{"data":null,"source":1},"module":"events","timestamp":"2025-12-09T04:12:37.819Z"}
{"level":"info","message":"Executed query (\n        SELECT *\n        FROM npwd_twitter_profiles\n        WHERE identifier = ?\n        LIMIT 1\n\t\t [\"DWZ43T76\"]) in 3.9979ms'","module":"DBInterface","timestamp":"2025-12-09T04:12:37.821Z"}
{"level":"silly","message":"Response Promise Event npwd:getOrCreateTwitterProfile:de25c1c4-da20-40f9-a3ff-ba956f5bedb5 (4.4553ms), Data >>","module":"events","timestamp":"2025-12-09T04:12:37.821Z"}
{"level":"silly","message":{"data":{"avatar_url":"https://i.fivemanage.com/images/3ClWwmpwkFhL.png","createdAt":"2025-12-09T03:47:11.000Z","id":9,"identifier":"DWZ43T76","profile_name":"TanvirAnjum_Neon","updatedAt":"2025-12-09T03:47:11.000Z"},"status":"ok"},"module":"events","timestamp":"2025-12-09T04:12:37.821Z"}
{"level":"info","message":"Executed query (\n        SELECT *,\n               UNIX_TIMESTAMP(updatedAt) AS lastActive\n        FROM npwd_match_profiles\n        WHERE identifier = ?\n        LIMIT 1\n\t\t [\"DWZ43T76\"]) in 5.6362ms'","module":"DBInterface","timestamp":"2025-12-09T04:12:37.822Z"}
{"level":"silly","message":"Response Promise Event phone:getMyProfile:e02e731c-46f3-480e-ab3c-702f077dc902 (6.0689ms), Data >>","module":"events","timestamp":"2025-12-09T04:12:37.823Z"}
{"level":"info","message":"Executed query (SELECT npwd_messages_conversations.id,\n                          npwd_messages_conversations.conversation_list         as conversationList,\n                          npwd_messages_participants.unread_count               as unreadCount,\n                          npwd_messages_conversations.is_group_chat             as isGroupChat,\n                          npwd_messages_conversations.label,\n                          UNIX_TIMESTAMP(npwd_messages_conversations.updatedAt) as updatedAt,\n                          npwd_messages_participants.participant\n                   FROM npwd_messages_conversations\n                            INNER JOIN npwd_messages_participants\n                                       on npwd_messages_conversations.id = npwd_messages_participants.conversation_id\n                   WHERE npwd_messages_participants.participant = ? [\"6028936142\"]) in 4.7214ms'","module":"DBInterface","timestamp":"2025-12-09T04:12:37.823Z"}
{"level":"info","message":"Executed query (SELECT * FROM npwd_phone_contacts WHERE identifier = ? ORDER BY display ASC [\"DWZ43T76\"]) in 4.579ms'","module":"DBInterface","timestamp":"2025-12-09T04:12:37.823Z"}
{"level":"silly","message":{"data":{"bio":"","createdAt":"2025-12-09T03:47:11.000Z","id":4,"identifier":"DWZ43T76","image":"https://upload.wikimedia.org/wikipedia/commons/a/ac/No_image_available.svg","job":"","lastActive":1765252031,"lastActiveFormatted":"Tue, 09 Dec 2025 03:47:11 GMT","location":"","name":"TanvirAnjum Neon","tagList":[],"tags":"","updatedAt":"2025-12-09T03:47:11.000Z","viewed":false,"voiceMessage":null},"status":"ok"},"module":"events","timestamp":"2025-12-09T04:12:37.823Z"}
{"level":"silly","message":"Response Promise Event npwd:fetchMessageGroups:8603ec70-8a34-42f0-bd3d-c117c559a113 (4.9503ms), Data >>","module":"events","timestamp":"2025-12-09T04:12:37.823Z"}
{"level":"silly","message":{"data":[],"status":"ok"},"module":"events","timestamp":"2025-12-09T04:12:37.823Z"}
{"level":"silly","message":"Response Promise Event npwd-contact-getAll:146c4d79-972e-4635-aafb-d2d8b241afe5 (5.2906ms), Data >>","module":"events","timestamp":"2025-12-09T04:12:37.824Z"}
{"level":"silly","message":{"data":[],"status":"ok"},"module":"events","timestamp":"2025-12-09T04:12:37.824Z"}
{"level":"info","message":"New NPWD Player added through event (2) (GS428UI3)","module":"player","timestamp":"2025-12-09T04:15:32.086Z"}
{"level":"debug","message":{"_firstname":"Kuddus","_identifier":"GS428UI3","_lastname":"Mia","_phoneNumber":"3001745980","source":2,"username":"shammia"},"module":"player","timestamp":"2025-12-09T04:15:32.086Z"}
{"level":"info","message":"New NPWD Player added through event (2) (GS428UI3)","module":"player","timestamp":"2025-12-09T04:15:32.088Z"}
{"level":"debug","message":{"_firstname":"Kuddus","_identifier":"GS428UI3","_lastname":"Mia","_phoneNumber":"3001745980","source":2,"username":"shammia"},"module":"player","timestamp":"2025-12-09T04:15:32.088Z"}
{"level":"silly","message":"netPromise > npwd:fetchTweets > RequestObj","module":"events","timestamp":"2025-12-09T04:15:32.200Z"}
{"level":"silly","message":{"data":{"pageId":0},"source":2},"module":"events","timestamp":"2025-12-09T04:15:32.201Z"}
{"level":"info","message":"Executed query (\n        SELECT *\n        FROM npwd_twitter_profiles\n        WHERE identifier = ?\n        LIMIT 1\n\t\t [\"GS428UI3\"]) in 1.628ms'","module":"DBInterface","timestamp":"2025-12-09T04:15:32.202Z"}
{"level":"warn","message":"Aborted fetching tweets for user GS428UI3 because they do not have a profile.","module":"twitter","timestamp":"2025-12-09T04:15:32.202Z"}
{"level":"silly","message":"Response Promise Event npwd:fetchTweets:fd2fd3d4-bc32-426b-93f2-c4acaee79c2a (2.0718ms), Data >>","module":"events","timestamp":"2025-12-09T04:15:32.202Z"}
{"level":"silly","message":{"data":[],"status":"ok"},"module":"events","timestamp":"2025-12-09T04:15:32.203Z"}
{"level":"silly","message":"netPromise > npwd:getOrCreateTwitterProfile > RequestObj","module":"events","timestamp":"2025-12-09T04:15:32.318Z"}
{"level":"silly","message":{"data":null,"source":2},"module":"events","timestamp":"2025-12-09T04:15:32.318Z"}
{"level":"silly","message":"netPromise > phone:getMyProfile > RequestObj","module":"events","timestamp":"2025-12-09T04:15:32.318Z"}
{"level":"silly","message":{"data":null,"source":2},"module":"events","timestamp":"2025-12-09T04:15:32.318Z"}
{"level":"silly","message":"netPromise > npwd:fetchMessageGroups > RequestObj","module":"events","timestamp":"2025-12-09T04:15:32.318Z"}
{"level":"silly","message":{"data":null,"source":2},"module":"events","timestamp":"2025-12-09T04:15:32.318Z"}
{"level":"silly","message":"netPromise > npwd-contact-getAll > RequestObj","module":"events","timestamp":"2025-12-09T04:15:32.318Z"}
{"level":"silly","message":{"data":null,"source":2},"module":"events","timestamp":"2025-12-09T04:15:32.318Z"}
{"level":"info","message":"Executed query (\n        SELECT *\n        FROM npwd_twitter_profiles\n        WHERE identifier = ?\n        LIMIT 1\n\t\t [\"GS428UI3\"]) in 1.2657ms'","module":"DBInterface","timestamp":"2025-12-09T04:15:32.319Z"}
{"level":"info","message":"Creating default Twitter profile Kuddus_Mia for GS428UI3","module":"twitter","timestamp":"2025-12-09T04:15:32.320Z"}
{"level":"info","message":"Executed query (\n        SELECT *,\n               UNIX_TIMESTAMP(updatedAt) AS lastActive\n        FROM npwd_match_profiles\n        WHERE identifier = ?\n        LIMIT 1\n\t\t [\"GS428UI3\"]) in 2.0555ms'","module":"DBInterface","timestamp":"2025-12-09T04:15:32.320Z"}
{"level":"info","message":"Creating default match profile Kuddus Mia for GS428UI3","module":"match","timestamp":"2025-12-09T04:15:32.320Z"}
{"level":"silly","message":"Response Promise Event npwd:fetchMessageGroups:f1abcf13-86a9-4977-881c-dcb32bfc8d9f (2.398ms), Data >>","module":"events","timestamp":"2025-12-09T04:15:32.321Z"}
{"level":"silly","message":{"data":[],"status":"ok"},"module":"events","timestamp":"2025-12-09T04:15:32.321Z"}
{"level":"info","message":"Executed query (SELECT npwd_messages_conversations.id,\n                          npwd_messages_conversations.conversation_list         as conversationList,\n                          npwd_messages_participants.unread_count               as unreadCount,\n                          npwd_messages_conversations.is_group_chat             as isGroupChat,\n                          npwd_messages_conversations.label,\n                          UNIX_TIMESTAMP(npwd_messages_conversations.updatedAt) as updatedAt,\n                          npwd_messages_participants.participant\n                   FROM npwd_messages_conversations\n                            INNER JOIN npwd_messages_participants\n                                       on npwd_messages_conversations.id = npwd_messages_participants.conversation_id\n                   WHERE npwd_messages_participants.participant = ? [\"3001745980\"]) in 2.2165ms'","module":"DBInterface","timestamp":"2025-12-09T04:15:32.321Z"}
{"level":"silly","message":"Response Promise Event npwd-contact-getAll:bedb9d1f-7d7d-4cbc-ac58-dca56750b140 (2.4509ms), Data >>","module":"events","timestamp":"2025-12-09T04:15:32.321Z"}
{"level":"silly","message":{"data":[],"status":"ok"},"module":"events","timestamp":"2025-12-09T04:15:32.321Z"}
{"level":"info","message":"Executed query (SELECT * FROM npwd_phone_contacts WHERE identifier = ? ORDER BY display ASC [\"GS428UI3\"]) in 2.2808ms'","module":"DBInterface","timestamp":"2025-12-09T04:15:32.321Z"}
{"level":"silly","message":"Response Promise Event npwd:getOrCreateTwitterProfile:01e153ce-22cb-4333-adfe-44de692bc9b7 (3.8248ms), Data >>","module":"events","timestamp":"2025-12-09T04:15:32.322Z"}
{"level":"silly","message":{"data":{"avatar_url":"https://i.fivemanage.com/images/3ClWwmpwkFhL.png","createdAt":"2025-12-09T04:15:32.000Z","id":10,"identifier":"GS428UI3","profile_name":"Kuddus_Mia","updatedAt":"2025-12-09T04:15:32.000Z"},"status":"ok"},"module":"events","timestamp":"2025-12-09T04:15:32.322Z"}
{"level":"info","message":"Executed query (\n        SELECT *\n        FROM npwd_twitter_profiles\n        WHERE identifier = ?\n        LIMIT 1\n\t\t [\"GS428UI3\"]) in 0.3767ms'","module":"DBInterface","timestamp":"2025-12-09T04:15:32.321Z"}
{"level":"info","message":"Executed query (\n        SELECT *,\n               UNIX_TIMESTAMP(updatedAt) AS lastActive\n        FROM npwd_match_profiles\n        WHERE identifier = ?\n        LIMIT 1\n\t\t [\"GS428UI3\"]) in 0.3027ms'","module":"DBInterface","timestamp":"2025-12-09T04:15:32.322Z"}
{"level":"silly","message":"Response Promise Event phone:getMyProfile:76eeedaf-1906-466c-9be8-e6365b7f51f9 (4.4276ms), Data >>","module":"events","timestamp":"2025-12-09T04:15:32.323Z"}
{"level":"silly","message":{"data":{"bio":"","createdAt":"2025-12-09T04:15:32.000Z","id":5,"identifier":"GS428UI3","image":"https://upload.wikimedia.org/wikipedia/commons/a/ac/No_image_available.svg","job":"","lastActive":1765253732,"lastActiveFormatted":"Tue, 09 Dec 2025 04:15:32 GMT","location":"","name":"Kuddus Mia","tagList":[],"tags":"","updatedAt":"2025-12-09T04:15:32.000Z","viewed":false,"voiceMessage":null},"status":"ok"},"module":"events","timestamp":"2025-12-09T04:15:32.323Z"}
{"level":"silly","message":"netPromise > phone:getMatchProfiles > RequestObj","module":"events","timestamp":"2025-12-09T04:15:32.369Z"}
{"level":"silly","message":{"data":null,"source":1},"module":"events","timestamp":"2025-12-09T04:15:32.369Z"}
{"level":"info","message":"Executed query (\n        SELECT npwd_match_profiles.*,\n               UNIX_TIMESTAMP(npwd_match_profiles.updatedAt) AS lastActive,\n               MaxDates.lastSeen,\n               MaxDates.liked\n        FROM npwd_match_profiles\n                 LEFT OUTER JOIN (\n            SELECT id, profile, liked, MAX(createdAt) AS lastSeen\n            FROM npwd_match_views\n            WHERE identifier = ?\n            GROUP BY id, profile, liked\n        ) AS MaxDates ON npwd_match_profiles.id = MaxDates.profile\n        WHERE npwd_match_profiles.identifier != ?\n          AND (MaxDates.lastSeen IS NULL OR MaxDates.lastSeen < NOW() - INTERVAL 7 DAY)\n          AND MaxDates.liked IS NULL\n        ORDER BY npwd_match_profiles.updatedAt DESC\n        LIMIT 25\n\t\t [\"DWZ43T76\",\"DWZ43T76\"]) in 1.517ms'","module":"DBInterface","timestamp":"2025-12-09T04:15:32.371Z"}
{"level":"silly","message":"Response Promise Event phone:getMatchProfiles:1d5a7a9e-a7f0-43b9-8256-a1e77953dad7 (2.0511ms), Data >>","module":"events","timestamp":"2025-12-09T04:15:32.371Z"}
{"level":"silly","message":{"data":[{"bio":"","createdAt":"2025-12-09T04:15:32.000Z","id":5,"identifier":"GS428UI3","image":"https://upload.wikimedia.org/wikipedia/commons/a/ac/No_image_available.svg","job":"","lastActive":1765253732,"lastActiveFormatted":"Tue, 09 Dec 2025 04:15:32 GMT","lastSeen":null,"liked":null,"location":"","name":"Kuddus Mia","tagList":[],"tags":"","updatedAt":"2025-12-09T04:15:32.000Z","viewed":false,"voiceMessage":null},{"bio":"","createdAt":"2025-12-09T02:20:07.000Z","id":2,"identifier":"U4N41JY0","image":"https://upload.wikimedia.org/wikipedia/commons/a/ac/No_image_available.svg","job":"","lastActive":1765246807,"lastActiveFormatted":"Tue, 09 Dec 2025 02:20:07 GMT","lastSeen":null,"liked":null,"location":"","name":"Mr Dx","tagList":[],"tags":"","updatedAt":"2025-12-09T02:20:07.000Z","viewed":false,"voiceMessage":null},{"bio":"","createdAt":"2025-11-23T15:09:34.000Z","id":1,"identifier":"P27MZ277","image":"https://upload.wikimedia.org/wikipedia/commons/a/ac/No_image_available.svg","job":"","lastActive":1763910574,"lastActiveFormatted":"Sun, 23 Nov 2025 15:09:34 GMT","lastSeen":null,"liked":null,"location":"","name":"Mr Dx","tagList":[],"tags":"","updatedAt":"2025-11-23T15:09:34.000Z","viewed":false,"voiceMessage":null}],"status":"ok"},"module":"events","timestamp":"2025-12-09T04:15:32.371Z"}
{"level":"info","message":"Executed query (SELECT id FROM npwd_marketplace_listings WHERE identifier = ? [\"DWZ43T76\"]) in 2.1044ms'","module":"DBInterface","timestamp":"2025-12-09T04:20:19.122Z"}
{"level":"info","message":"Executed query (DELETE FROM npwd_marketplace_listings WHERE identifier = ? AND reported = 0 [\"DWZ43T76\"]) in 0.4248ms'","module":"DBInterface","timestamp":"2025-12-09T04:20:19.122Z"}
{"level":"info","message":"Unloaded NPWD Player, source: (1)","module":"player","timestamp":"2025-12-09T04:20:19.123Z"}
{"level":"silly","message":"netPromise > npwd:fetchAllListings > RequestObj","module":"events","timestamp":"2025-12-09T04:20:19.233Z"}
{"level":"silly","message":{"data":null,"source":2},"module":"events","timestamp":"2025-12-09T04:20:19.234Z"}
{"level":"info","message":"Executed query (SELECT * FROM npwd_marketplace_listings WHERE reported = 0 ORDER BY id DESC []) in 1.007ms'","module":"DBInterface","timestamp":"2025-12-09T04:20:19.235Z"}
{"level":"silly","message":"Response Promise Event npwd:fetchAllListings:dd07d38a-ab74-4004-a41f-1a2181c93215 (1.5324ms), Data >>","module":"events","timestamp":"2025-12-09T04:20:19.235Z"}
{"level":"silly","message":{"data":[],"status":"ok"},"module":"events","timestamp":"2025-12-09T04:20:19.235Z"}
{"level":"info","message":"New NPWD Player added through event (3) (DWZ43T76)","module":"player","timestamp":"2025-12-09T04:21:04.306Z"}
{"level":"debug","message":{"_firstname":"Tanvir Anjum","_identifier":"DWZ43T76","_lastname":"Neon","_phoneNumber":"6028936142","source":3,"username":"DEV Dx"},"module":"player","timestamp":"2025-12-09T04:21:04.306Z"}
{"level":"info","message":"New NPWD Player added through event (3) (DWZ43T76)","module":"player","timestamp":"2025-12-09T04:21:04.307Z"}
{"level":"debug","message":{"_firstname":"Tanvir Anjum","_identifier":"DWZ43T76","_lastname":"Neon","_phoneNumber":"6028936142","source":3,"username":"DEV Dx"},"module":"player","timestamp":"2025-12-09T04:21:04.307Z"}
{"level":"silly","message":"netPromise > npwd:fetchTweets > RequestObj","module":"events","timestamp":"2025-12-09T04:21:04.368Z"}
{"level":"silly","message":{"data":{"pageId":0},"source":3},"module":"events","timestamp":"2025-12-09T04:21:04.368Z"}
{"level":"info","message":"Executed query (\n        SELECT *\n        FROM npwd_twitter_profiles\n        WHERE identifier = ?\n        LIMIT 1\n\t\t [\"DWZ43T76\"]) in 1.2878ms'","module":"DBInterface","timestamp":"2025-12-09T04:21:04.369Z"}
{"level":"info","message":"Executed query (\n        SELECT \n  npwd_twitter_tweets.id,\n  npwd_twitter_tweets.identifier,\n  npwd_twitter_profiles.id AS profile_id,\n  npwd_twitter_profiles.profile_name,\n  npwd_twitter_profiles.avatar_url,\n  npwd_twitter_tweets.likes,\n  npwd_twitter_tweets.visible,\n  IFNULL(COALESCE(retweets.message, npwd_twitter_tweets.message), '') AS message,\n  IFNULL(COALESCE(retweets.images, npwd_twitter_tweets.images), '') AS images,\n  npwd_twitter_tweets.retweet IS NOT NULL AS isRetweet,\n  retweets.id AS retweetId,\n  retweets_profiles.profile_name AS retweetProfileName,\n  retweets_profiles.avatar_url AS retweetAvatarUrl,\n  npwd_twitter_likes.id IS NOT NULL AS isLiked,\n  npwd_twitter_reports.id IS NOT NULL AS isReported,\n  npwd_twitter_tweets.createdAt,\n  npwd_twitter_tweets.updatedAt,\n  TIME_TO_SEC(TIMEDIFF( NOW(), npwd_twitter_tweets.createdAt)) AS seconds_since_tweet\n\n        FROM npwd_twitter_tweets\n                 LEFT OUTER JOIN npwd_twitter_profiles\n                                 ON npwd_twitter_tweets.identifier = npwd_twitter_profiles.identifier\n                 LEFT OUTER JOIN npwd_twitter_likes ON npwd_twitter_tweets.id = npwd_twitter_likes.tweet_id AND\n                                                       npwd_twitter_likes.profile_id = ?\n                 LEFT OUTER JOIN npwd_twitter_reports ON npwd_twitter_tweets.id = npwd_twitter_reports.tweet_id AND\n                                                         npwd_twitter_reports.profile_id = ?\n                 LEFT OUTER JOIN npwd_twitter_tweets AS retweets ON retweets.id = npwd_twitter_tweets.retweet\n                 LEFT OUTER JOIN npwd_twitter_profiles AS retweets_profiles\n                                 ON retweets.identifier = retweets_profiles.identifier\n        WHERE npwd_twitter_tweets.visible = 1\n        ORDER BY id DESC\n        LIMIT ? OFFSET ?\n\t\t [9,9,\"25\",\"0\"]) in 0.7833ms'","module":"DBInterface","timestamp":"2025-12-09T04:21:04.370Z"}
{"level":"silly","message":"Response Promise Event npwd:fetchTweets:80299df7-2f54-45d0-888a-777afc10f18a (2.4318ms), Data >>","module":"events","timestamp":"2025-12-09T04:21:04.370Z"}
{"level":"silly","message":{"data":[{"avatar_url":"https://i.fivemanage.com/images/3ClWwmpwkFhL.png","createdAt":"2025-12-09T03:52:16.000Z","id":2,"identifier":"DWZ43T76","images":"","isLiked":0,"isMine":true,"isReported":0,"isRetweet":false,"likes":0,"message":"Hello","profile_id":9,"profile_name":"TanvirAnjum_Neon","retweetAvatarUrl":null,"retweetId":null,"retweetProfileName":null,"seconds_since_tweet":1728,"updatedAt":"2025-12-09T03:52:16.000Z","visible":1},{"avatar_url":"https://i.fivemanage.com/images/3ClWwmpwkFhL.png","createdAt":"2025-12-09T03:52:11.000Z","id":1,"identifier":"DWZ43T76","images":"","isLiked":0,"isMine":true,"isReported":0,"isRetweet":false,"likes":0,"message":"hi","profile_id":9,"profile_name":"TanvirAnjum_Neon","retweetAvatarUrl":null,"retweetId":null,"retweetProfileName":null,"seconds_since_tweet":1733,"updatedAt":"2025-12-09T03:52:11.000Z","visible":1}],"status":"ok"},"module":"events","timestamp":"2025-12-09T04:21:04.371Z"}
{"level":"silly","message":"netPromise > npwd:getOrCreateTwitterProfile > RequestObj","module":"events","timestamp":"2025-12-09T04:21:04.430Z"}
{"level":"silly","message":{"data":null,"source":3},"module":"events","timestamp":"2025-12-09T04:21:04.430Z"}
{"level":"silly","message":"netPromise > phone:getMyProfile > RequestObj","module":"events","timestamp":"2025-12-09T04:21:04.431Z"}
{"level":"silly","message":{"data":null,"source":3},"module":"events","timestamp":"2025-12-09T04:21:04.431Z"}
{"level":"silly","message":"netPromise > npwd:fetchMessageGroups > RequestObj","module":"events","timestamp":"2025-12-09T04:21:04.431Z"}
{"level":"silly","message":{"data":null,"source":3},"module":"events","timestamp":"2025-12-09T04:21:04.431Z"}
{"level":"silly","message":"netPromise > npwd-contact-getAll > RequestObj","module":"events","timestamp":"2025-12-09T04:21:04.431Z"}
{"level":"silly","message":{"data":null,"source":3},"module":"events","timestamp":"2025-12-09T04:21:04.431Z"}
{"level":"info","message":"Executed query (\n        SELECT *\n        FROM npwd_twitter_profiles\n        WHERE identifier = ?\n        LIMIT 1\n\t\t [\"DWZ43T76\"]) in 1.5059ms'","module":"DBInterface","timestamp":"2025-12-09T04:21:04.432Z"}
{"level":"silly","message":"Response Promise Event npwd:getOrCreateTwitterProfile:3c2c01b3-fff9-4511-8929-d9a5c5bec83f (1.7193ms), Data >>","module":"events","timestamp":"2025-12-09T04:21:04.432Z"}
{"level":"silly","message":{"data":{"avatar_url":"https://i.fivemanage.com/images/3ClWwmpwkFhL.png","createdAt":"2025-12-09T03:47:11.000Z","id":9,"identifier":"DWZ43T76","profile_name":"TanvirAnjum_Neon","updatedAt":"2025-12-09T03:47:11.000Z"},"status":"ok"},"module":"events","timestamp":"2025-12-09T04:21:04.432Z"}
{"level":"info","message":"Executed query (\n        SELECT *,\n               UNIX_TIMESTAMP(updatedAt) AS lastActive\n        FROM npwd_match_profiles\n        WHERE identifier = ?\n        LIMIT 1\n\t\t [\"DWZ43T76\"]) in 1.6352ms'","module":"DBInterface","timestamp":"2025-12-09T04:21:04.433Z"}
{"level":"silly","message":"Response Promise Event phone:getMyProfile:dad63c1f-0bab-475d-bb3a-e5a3f362c282 (2.0752ms), Data >>","module":"events","timestamp":"2025-12-09T04:21:04.433Z"}
{"level":"silly","message":{"data":{"bio":"","createdAt":"2025-12-09T03:47:11.000Z","id":4,"identifier":"DWZ43T76","image":"https://upload.wikimedia.org/wikipedia/commons/a/ac/No_image_available.svg","job":"","lastActive":1765252031,"lastActiveFormatted":"Tue, 09 Dec 2025 03:47:11 GMT","location":"","name":"TanvirAnjum Neon","tagList":[],"tags":"","updatedAt":"2025-12-09T03:47:11.000Z","viewed":false,"voiceMessage":null},"status":"ok"},"module":"events","timestamp":"2025-12-09T04:21:04.433Z"}
{"level":"info","message":"Executed query (SELECT * FROM npwd_phone_contacts WHERE identifier = ? ORDER BY display ASC [\"DWZ43T76\"]) in 1.7831ms'","module":"DBInterface","timestamp":"2025-12-09T04:21:04.433Z"}
{"level":"silly","message":"Response Promise Event npwd-contact-getAll:53f7ef14-a65f-491d-a267-9b1040c0397a (1.8823ms), Data >>","module":"events","timestamp":"2025-12-09T04:21:04.433Z"}
{"level":"silly","message":{"data":[],"status":"ok"},"module":"events","timestamp":"2025-12-09T04:21:04.433Z"}
{"level":"silly","message":"Response Promise Event npwd:fetchMessageGroups:fb785258-4d1b-4feb-af72-41817cf31a40 (2.1397ms), Data >>","module":"events","timestamp":"2025-12-09T04:21:04.433Z"}
{"level":"silly","message":{"data":[],"status":"ok"},"module":"events","timestamp":"2025-12-09T04:21:04.433Z"}
{"level":"info","message":"Executed query (SELECT npwd_messages_conversations.id,\n                          npwd_messages_conversations.conversation_list         as conversationList,\n                          npwd_messages_participants.unread_count               as unreadCount,\n                          npwd_messages_conversations.is_group_chat             as isGroupChat,\n                          npwd_messages_conversations.label,\n                          UNIX_TIMESTAMP(npwd_messages_conversations.updatedAt) as updatedAt,\n                          npwd_messages_participants.participant\n                   FROM npwd_messages_conversations\n                            INNER JOIN npwd_messages_participants\n                                       on npwd_messages_conversations.id = npwd_messages_participants.conversation_id\n                   WHERE npwd_messages_participants.participant = ? [\"6028936142\"]) in 2.0471ms'","module":"DBInterface","timestamp":"2025-12-09T04:21:04.433Z"}
{"level":"silly","message":"netPromise > phone:getMatchProfiles > RequestObj","module":"events","timestamp":"2025-12-09T04:21:04.554Z"}
{"level":"silly","message":{"data":null,"source":2},"module":"events","timestamp":"2025-12-09T04:21:04.555Z"}
{"level":"info","message":"Executed query (\n        SELECT npwd_match_profiles.*,\n               UNIX_TIMESTAMP(npwd_match_profiles.updatedAt) AS lastActive,\n               MaxDates.lastSeen,\n               MaxDates.liked\n        FROM npwd_match_profiles\n                 LEFT OUTER JOIN (\n            SELECT id, profile, liked, MAX(createdAt) AS lastSeen\n            FROM npwd_match_views\n            WHERE identifier = ?\n            GROUP BY id, profile, liked\n        ) AS MaxDates ON npwd_match_profiles.id = MaxDates.profile\n        WHERE npwd_match_profiles.identifier != ?\n          AND (MaxDates.lastSeen IS NULL OR MaxDates.lastSeen < NOW() - INTERVAL 7 DAY)\n          AND MaxDates.liked IS NULL\n        ORDER BY npwd_match_profiles.updatedAt DESC\n        LIMIT 25\n\t\t [\"GS428UI3\",\"GS428UI3\"]) in 2.0022ms'","module":"DBInterface","timestamp":"2025-12-09T04:21:04.557Z"}
{"level":"silly","message":"Response Promise Event phone:getMatchProfiles:1932e562-4c42-491e-b830-00f32de5c1e2 (2.7542ms), Data >>","module":"events","timestamp":"2025-12-09T04:21:04.557Z"}
{"level":"silly","message":{"data":[{"bio":"","createdAt":"2025-12-09T03:47:11.000Z","id":4,"identifier":"DWZ43T76","image":"https://upload.wikimedia.org/wikipedia/commons/a/ac/No_image_available.svg","job":"","lastActive":1765252031,"lastActiveFormatted":"Tue, 09 Dec 2025 03:47:11 GMT","lastSeen":null,"liked":null,"location":"","name":"TanvirAnjum Neon","tagList":[],"tags":"","updatedAt":"2025-12-09T03:47:11.000Z","viewed":false,"voiceMessage":null},{"bio":"","createdAt":"2025-12-09T02:20:07.000Z","id":2,"identifier":"U4N41JY0","image":"https://upload.wikimedia.org/wikipedia/commons/a/ac/No_image_available.svg","job":"","lastActive":1765246807,"lastActiveFormatted":"Tue, 09 Dec 2025 02:20:07 GMT","lastSeen":null,"liked":null,"location":"","name":"Mr Dx","tagList":[],"tags":"","updatedAt":"2025-12-09T02:20:07.000Z","viewed":false,"voiceMessage":null},{"bio":"","createdAt":"2025-11-23T15:09:34.000Z","id":1,"identifier":"P27MZ277","image":"https://upload.wikimedia.org/wikipedia/commons/a/ac/No_image_available.svg","job":"","lastActive":1763910574,"lastActiveFormatted":"Sun, 23 Nov 2025 15:09:34 GMT","lastSeen":null,"liked":null,"location":"","name":"Mr Dx","tagList":[],"tags":"","updatedAt":"2025-11-23T15:09:34.000Z","viewed":false,"voiceMessage":null}],"status":"ok"},"module":"events","timestamp":"2025-12-09T04:21:04.557Z"}
{"level":"info","message":"Executed query (SELECT id FROM npwd_marketplace_listings WHERE identifier = ? [\"GS428UI3\"]) in 1.2786ms'","module":"DBInterface","timestamp":"2025-12-09T04:35:09.916Z"}
{"level":"info","message":"Executed query (DELETE FROM npwd_marketplace_listings WHERE identifier = ? AND reported = 0 [\"GS428UI3\"]) in 0.5171ms'","module":"DBInterface","timestamp":"2025-12-09T04:35:09.917Z"}
{"level":"info","message":"Unloaded NPWD Player, source: (2)","module":"player","timestamp":"2025-12-09T04:35:09.917Z"}
{"level":"silly","message":"netPromise > npwd:fetchAllListings > RequestObj","module":"events","timestamp":"2025-12-09T04:35:09.981Z"}
{"level":"silly","message":{"data":null,"source":3},"module":"events","timestamp":"2025-12-09T04:35:09.982Z"}
{"level":"info","message":"Executed query (SELECT * FROM npwd_marketplace_listings WHERE reported = 0 ORDER BY id DESC []) in 0.7278ms'","module":"DBInterface","timestamp":"2025-12-09T04:35:09.982Z"}
{"level":"silly","message":"Response Promise Event npwd:fetchAllListings:33f5c8e5-d449-4630-9f54-8b4e462db28c (0.9852ms), Data >>","module":"events","timestamp":"2025-12-09T04:35:09.982Z"}
{"level":"silly","message":{"data":[],"status":"ok"},"module":"events","timestamp":"2025-12-09T04:35:09.983Z"}
{"level":"info","message":"Executed query (SELECT id FROM npwd_marketplace_listings WHERE identifier = ? [\"DWZ43T76\"]) in 1.0949ms'","module":"DBInterface","timestamp":"2025-12-09T04:51:08.951Z"}
{"level":"info","message":"Executed query (DELETE FROM npwd_marketplace_listings WHERE identifier = ? AND reported = 0 [\"DWZ43T76\"]) in 0.5779ms'","module":"DBInterface","timestamp":"2025-12-09T04:51:08.952Z"}
{"level":"info","message":"Unloaded NPWD Player, source: (3)","module":"player","timestamp":"2025-12-09T04:51:08.952Z"}
{"level":"debug","message":"Marketplace service started","module":"marketplace","timestamp":"2025-12-11T03:21:14.307Z"}
{"level":"debug","message":"Call service started","module":"calls","timestamp":"2025-12-11T03:21:14.308Z"}
{"level":"debug","message":"Player Service started","module":"player","timestamp":"2025-12-11T03:21:14.308Z"}
{"level":"info","message":"Loading QBX bridge....","timestamp":"2025-12-11T03:21:14.308Z"}
{"level":"info","message":"QBX bridge initialized","timestamp":"2025-12-11T03:21:14.308Z"}
{"level":"debug","message":"Boot service started","module":"boot","timestamp":"2025-12-11T03:21:14.308Z"}
{"level":"debug","message":"Messages service started","module":"messages","timestamp":"2025-12-11T03:21:14.308Z"}
{"level":"debug","message":"Notes service started","module":"notes","timestamp":"2025-12-11T03:21:14.309Z"}
{"level":"debug","message":"Contacts service started","module":"contact","timestamp":"2025-12-11T03:21:14.309Z"}
{"level":"debug","message":"Photo service started","module":"photo","timestamp":"2025-12-11T03:21:14.315Z"}
{"level":"debug","message":"Twitter service started","module":"twitter","timestamp":"2025-12-11T03:21:14.315Z"}
{"level":"debug","message":"Match service started","module":"match","timestamp":"2025-12-11T03:21:14.316Z"}
{"level":"debug","message":"Beginning database schema validation","module":"boot","timestamp":"2025-12-11T03:21:38.954Z"}
{"level":"info","message":"Successfully started","timestamp":"2025-12-11T03:21:38.963Z"}
{"level":"info","message":"Executed query (SELECT COUNT(*) as count\n                       FROM information_schema.tables\n                       WHERE table_schema = ?\n                         AND table_name = ? [\"qbox_231074\",\"players\"]) in 346.4904ms'","module":"DBInterface","timestamp":"2025-12-11T03:21:39.301Z"}
{"level":"info","message":"Executed query (SHOW COLUMNS IN players []) in 12.0484ms'","module":"DBInterface","timestamp":"2025-12-11T03:21:39.313Z"}
{"level":"debug","message":"Database schema successfully validated","module":"boot","timestamp":"2025-12-11T03:21:39.313Z"}
{"level":"debug","message":"Marketplace service started","module":"marketplace","timestamp":"2025-12-11T03:27:19.278Z"}
{"level":"debug","message":"Call service started","module":"calls","timestamp":"2025-12-11T03:27:19.279Z"}
{"level":"debug","message":"Player Service started","module":"player","timestamp":"2025-12-11T03:27:19.279Z"}
{"level":"info","message":"Loading QBX bridge....","timestamp":"2025-12-11T03:27:19.279Z"}
{"level":"info","message":"QBX bridge initialized","timestamp":"2025-12-11T03:27:19.279Z"}
{"level":"debug","message":"Boot service started","module":"boot","timestamp":"2025-12-11T03:27:19.279Z"}
{"level":"debug","message":"Messages service started","module":"messages","timestamp":"2025-12-11T03:27:19.279Z"}
{"level":"debug","message":"Notes service started","module":"notes","timestamp":"2025-12-11T03:27:19.279Z"}
{"level":"debug","message":"Contacts service started","module":"contact","timestamp":"2025-12-11T03:27:19.279Z"}
{"level":"debug","message":"Photo service started","module":"photo","timestamp":"2025-12-11T03:27:19.284Z"}
{"level":"debug","message":"Twitter service started","module":"twitter","timestamp":"2025-12-11T03:27:19.284Z"}
{"level":"debug","message":"Match service started","module":"match","timestamp":"2025-12-11T03:27:19.284Z"}
{"level":"debug","message":"Beginning database schema validation","module":"boot","timestamp":"2025-12-11T03:27:20.814Z"}
{"level":"info","message":"Successfully started","timestamp":"2025-12-11T03:27:20.824Z"}
{"level":"info","message":"Executed query (SELECT COUNT(*) as count\n                       FROM information_schema.tables\n                       WHERE table_schema = ?\n                         AND table_name = ? [\"qbox_231074\",\"players\"]) in 372.9794ms'","module":"DBInterface","timestamp":"2025-12-11T03:27:21.188Z"}
{"level":"info","message":"Executed query (SHOW COLUMNS IN players []) in 16.3109ms'","module":"DBInterface","timestamp":"2025-12-11T03:27:21.204Z"}
{"level":"debug","message":"Database schema successfully validated","module":"boot","timestamp":"2025-12-11T03:27:21.204Z"}
{"level":"debug","message":"1 failed to unload, likely was never loaded in the first place.","module":"player","timestamp":"2025-12-11T03:42:23.962Z"}
